Gegevens gemeenten 2024			Tarieven, bedragen en mutaties																																																												
© COELO, Groningen			OZB										Afvalstoffenheffing					Rioolheffing huishoudens				Rioolheffing bedrijven																	Woonlasten		Woonlasten							Toeristenbelasting			Hondenbelasting		Leges			Leges							
Provinciecode	Gemeente code	Gemeentenaam	Tarief woningen	Mutatie Tarief woningen	Tarief eigenaar niet-woning	Mutatie Tarief eigenaar niet-woning	Tarief gebruiker niet-woning	Mutatie Tarief gebruiker niet-woning	Tarief niet-woning eigenaar+gebruiker	Mutatie Tarief niet-woning eigenaar+gebruiker	Gemiddeld betaalde ozb woningen		Eénpersoonshuishouden	Mutatie Eénpersoonshuishouden	Meerpersoonshuishouden	Mutatie Meerpersoonshuishouden		Eénpersoonshuishouden	Mutatie Eénpersoonshuishouden	Meerpersoonshuishouden	Mutatie Meerpersoonshuishouden	Waterverbruik 100 m3	Mutatie Waterverbruik 100 m3	waterverbruik 200 m3	Mutatie waterverbruik 200 m3	Waterverbruik 300 m3	Mutatie Waterverbruik 300 m3	Waterverbruik 400 m3	Mutatie Waterverbruik 400 m3	Waterverbruik 500 m4	Mutatie Waterverbruik 500 m4	Waterverbruik 2100 m3	Mutatie Waterverbruik 2100 m3	Waterverbruik 2500 m3	Mutatie Waterverbruik 2500 m3	Waterverbruik 6000 m3	Mutatie Waterverbruik 6000 m3	Waterverbruik 30.000 m3	Mutatie Waterverbruik 30.000 m3		Heffingskorting éénpersoonshuishouden	Heffingskorting meerpersoonshuishouden	Woonlasten éénpersoonshuishouden	Mutatie Woonlasten éénpersoonshuishouden	Woonlasten meerpersoonshuishouden	Mutatie Woonlasten meerpersoonshuishouden		Toeristenbelasting overnachting camping	Toeristenbelasting hotelovernachting	Mutatie Toeristenbelasting hotelovernachting	Hondenbelasting	Mutatie Hondenbelasting	Parkeerbelasting	Mutatie Parkeerbelasting		Paspoort	Mutatie Paspoort	Identiteitskaart	Mutatie Identiteitskaart	Rijbewijs	Mutatie Rijbewijs	Uittreksel BRP	Mutatie Uittreksel BRP
			%	%	%	%	%	%			euro		euro	%	euro	%		euro	%	euro	%	euro	%	euro	%	euro	%	euro	%	euro	%	euro	%	euro	%	euro	%	euro	%		euro	euro	euro	%	euro	%		euro	euro	%	euro	%		%		euro	%	euro	%	euro	%	euro	%
1	1979	Eemsdelta	0,1455	3,0	0,5518	2,8	0,4720	3,9	1	3,3	398		246	3,4	298	3,7		256	3,0	256	3,0	256	3,0	256	3,0	256	3,0	256	3,0	256	3,0	256	3,0	256	3,0	256	3,0	256	3,0		0	0	901	3	953	3		1,65	1,65	3,1	0,00	0,0	0,00	0,0		77,85	0,0	70,35	0,0	51,10	14,5	0,00	-100,0
1	0014	Groningen	0,1577	9,0	0,5503	3,3	0,4403	3,3	1	3,3	630		263	-0,3	373	-0,3		167	7,6	167	7,6	167	7,6	167	7,6	167	7,6	167	7,6	167	7,6	167	7,6	167	7,6	167	7,6	167	7,6		0	0	1.060	6	1.171	6		2,15	4,00	0,0	0,00	0,0	4,50	9,8		83,85	7,7	75,80	7,8	51,10	14,5	20,65	8,4
1	1966	Het Hogeland	0,1494	3,5	0,4756	4,0	0,3838	3,7	1	3,9	456		261	12,2	353	20,9		217	3,3	217	3,3	434	106,6	434	106,6	434	106,6	434	106,6	434	106,6	434	106,6	434	106,6	434	106,6	434	106,6		0	0	934	6	1.026	9		1,00	1,50	0,0	0,00	0,0	0,00	0,0		83,85	7,9	75,80	7,8	51,10	14,5	9,40	3,3
1	1952	Midden-Groningen	0,1721	5,4	0,4619	11,9	0,3656	13,2	1	12,5	572		235	9,5	273	8,7		190	0,0	190	0,0	190	0,0	190	0,0	190	0,0	190	0,0	190	0,0	1240	79,7	1440	108,7	2940	147,1	8940	651,3		0	0	997	5	1.035	5		1,30	1,60	0,0	0,00	0,0	0,00	0,0		83,85	7,7	75,80	7,8	51,10	14,5	10,75	3,9
1	1895	Oldambt	0,1600	1,1	0,5980	5,0	0,4700	5,0	1	5,0	489		223	5,7	254	5,6		240	0,8	240	0,8	240	0,8	240	0,8	240	0,8	240	0,8	240	0,8	608	3,5	608	3,5	1252	4,5	5668	5,2		0	0	952	2	983	2		1,50	1,50	0,0	0,00	0,0	0,00	0,0		83,85	7,7	75,80	7,8	51,10	14,5	8,00	2,6
1	0765	Pekela	0,2017	4,2	0,8857	47,1	0,4421	44,9	1	46,4	477		254	8,7	364	8,7		183	-1,1	183	-1,1	183	-1,1	183	-1,1	183	-1,1	183	-1,1	183	-1,1	183	-1,1	183	-1,1	183	-1,1	183	-1,1		0	0	914	4	1.024	5		0,00	0,00	0,0	0,00	0,0	0,00	0,0		83,90	7,8	75,80	7,8	51,10	14,5	16,60	5,7
1	0037	Stadskanaal	0,1377	3,2	0,4449	2,5	0,3547	2,3	1	2,4	435		217	7,3	274	9,9		188	9,3	188	9,3	188	9,3	188	9,3	188	9,3	188	9,3	188	9,3	188	9,3	188	9,3	188	9,3	188	9,3		0	0	840	6	897	6		1,50	1,50	0,0	0,00	0,0	0,00	0,0		83,85	7,8	75,80	7,8	51,00	14,2	12,20	6,1
1	0047	Veendam	0,1865	2,8	0,4895	13,6	0,3318	4,6	1	9,8	481		323	18,9	398	19,3		173	9,6	173	9,6	173	9,6	173	9,6	173	9,7	264	7,5	264	7,5	724	5,2	908	4,9	1919	4,3	7581	0,1		0	0	976	9	1.051	10		0,00	0,00	0,0	0,00	0,0	0,00	0,0		83,85	7,7	75,80	7,8	51,10	14,5	16,60	5,7
1	1969	Westerkwartier	0,1230	3,6	0,2659	3,7	0,2087	7,1	0	5,2	425		291	1,0	379	0,8		238	6,7	238	6,7	238	6,7	238	6,7	238	6,7	238	6,7	238	6,7	238	6,7	238	6,7	238	6,7	238	6,7		0	0	953	4	1.042	3		0,00	0,00	0,0	0,00	0,0	0,00	0,0		83,85	7,7	75,80	7,8	51,10	14,5	7,50	0,0
1	1950	Westerwolde	0,1411	12,0	0,3104	7,1	0,1876	9,5	0	8,0	472		353	8,8	377	5,7		307	4,8	307	4,8																				0	0	1.132	9	1.155	8		1,25	1,25	0,0	0,00	0,0	0,00	0,0		83,85	7,7	75,80	7,8	51,10	14,5	8,85	4,7
2	0059	Achtkarspelen	0,1299	11,8	0,3214	1,4	0,2531	1,4	1	1,4	421		245	-7,0	350	-7,0		220	13,0	220	13,0	220	13,0	220	13,0	220	13,0	220	13,0	220	13,0	220	13,0	220	13,0	220	13,0	220	13,0		0	0	886	6	991	5		1,50	1,50	0,0	0,00	0,0	0,00	0,0		83,85	7,9	75,80	7,8	51,10	14,5	16,60	5,7
2	0060	Ameland	0,0672	5,9	0,1517	4,5	0,1214	4,5	0	4,5	275		178	2,0	234	2,0		150	0,0	177	0,0	166	0,0	216	0,0	266	0,0	316	0,0	366	0,0	1166	0,0	1366	0,0	3116	0,0	12500	0,0		0	0	603	3	686	3		2,00	2,00	11,1	0,00	0,0	0,00	0,0		83,85	7,7	75,80	7,7	51,10	14,5	11,25	0,0
2	1891	Dantumadiel	0,1411	0,8	0,2978	4,1	0,2317	4,1	1	4,1	530		205	0,0	256	0,0		188	0,0	188	0,0																				0	0	923	0	974	0		1,00	1,00	0,0	0,00	0,0	0,00	0,0		62,50	0,0	55,50	0,0	38,00	10,1	11,95	0,0
2	1940	De Fryske Marren	0,0877	0,8	0,2846	8,7	0,2140	8,7	0	8,7	343		236	5,8	300	4,9		125	0,0	214	0,0	119	0,0	211	0,0	303	0,0	395	0,0	487	0,0	1959	0,0	2327	0,0	5547	0,0	23754	0,1		0	0	704	2	857	2		1,20	1,20	0,0	0,00	0,0	0,00	0,0		83,85	7,7	75,80	7,8	51,10	21,7	8,50	3,0
2	0072	Harlingen	0,0977	2,4	0,3601	18,1	0,2704	17,2	1	17,7	286		217	2,1	323	2,1		191	11,0	191	11,0																				0	0	694	5	800	4		1,55	1,55	29,2	0,00	0,0	1,10	0,0		83,87	7,7	75,80	7,8	51,11	14,5	4,95	3,1
2	0074	Heerenveen	0,1087	-0,6	0,3587	-2,0	0,2862	-2,1	1	-2,0	430		220	4,3	285	3,3		190	5,0	253	4,6	594	5,0	594	5,0	814	4,9	1034	4,9	1254	4,9	4114	4,7	4754	4,7	10354	4,6	32754	2,3		0	0	840	2	968	2		1,00	2,35	0,0	0,00	0,0	1,80	0,0		83,85	7,7	75,80	7,8	51,10	14,5	9,20	3,4
2	0080	Leeuwarden	0,1105	9,2	0,4905	5,9	0,3924	5,9	1	5,9	359		210	0,7	324	0,7		137	-5,9	169	-5,7																				0	0	705	3	851	3		1,65	1,65	0,0	81,90	7,3	3,00	0,0		83,80	7,6	75,80	7,7	51,10	14,5	15,90	7,4
2	1970	Noardeast-Fryslân	0,1179	2,9	0,2686	9,7	0,2048	9,5	0	9,6	385		167	-14,5	237	-14,5		240	0,0	240	0,0	240	0,0	261	0,0	261	0,0	304	0,0	325	0,0	516	0,0	580	0,0	1067	0,0	4461	0,0		0	0	793	-2	863	-3		1,50	1,50	0,0	0,00	0,0	2,40	0,0		83,85	7,8	75,80	7,8	48,15	7,8	8,70	3,0
2	0085	Ooststellingwerf	0,0741	-5,1	0,0951	6,9	0,0793	was vorig jaar 0	0	96,1	268		219	32,4	279	23,7		171	3,1	296	3,1	248	138,9	389	274,8	508	12,4	627	10,4	746	9,1	2411	16,5	2691	14,9	4871	9,2	11391	6,0		0	0	657	7	844	6		1,10	1,50	0,0	0,00	0,0	0,00	0,0		83,85	7,7	75,80	7,8	51,10	14,5	7,50	0,0
2	0086	Opsterland	0,0808	3,3	0,1817	-0,2	0,1473	0,0	0	-0,1	309		199	-0,8	241	-0,6		211	0,0	277	0,0	197	0,0	289	0,0	289	0,0	289	0,0	289	0,0	1187	0,0	1187	0,0	2084	0,0	8711	0,0		0	0	719	1	826	1		2,64	3,43	3,8	0,00	0,0	0,00	0,0		83,50	7,7	75,50	7,9	51,00	22,9	8,00	0,0
2	0088	Schiermonnikoog	0,0983	22,0	0,2227	6,1	0,1792	6,1	0	6,1	454		258	2,0	337	2,0		130	2,0	188	2,0	164	2,0	270	1,9	464	2,0	570	1,9	676	1,9	2372	1,9	2796	1,9	6506	1,9	31946	1,9		0	0	842	12	979	10		1,93	1,93	2,1	0,00	0,0	0,00	0,0		83,85	12,2	75,80	12,2	51,11	14,5	5,00	1,2
2	0090	Smallingerland	0,1052	4,9	0,3822	5,1	0,3061	8,3	1	6,5	368		251	6,8	295	6,5		296	3,9	296	3,9	296	3,9	296	3,9	296	3,9	296	3,9	296	3,9	296	3,9	296	3,9	296	3,9	296	3,9		0	0	915	5	959	5		1,60	1,60	6,7	77,00	4,1	2,00	5,3		83,00	7,8	75,00	7,1	48,15	7,8	7,50	4,2
2	1900	Súdwest Fryslân	0,1102	6,9	0,3238	6,9	0,2590	6,6	1	6,8	383		240	6,4	287	6,4		203	6,6	203	6,6	299	7,0	299	7,0	299	7,0	299	7,0	299	7,0	299	7,0	299	7,0	299	7,0	299	7,0		0	0	826	7	873	7		1,25	1,25	0,0	0,00	0,0	0,96	20,0		83,85	7,7	75,80	7,8	51,10	14,5	12,20	7,0
2	0093	Terschelling	0,0880	14,9	0,3750	23,2	0,2950	37,3	1	29,0	440		242	12,3	242	12,3		191	5,8	191	5,8	381	111,7	438	85,2	552	57,9	666	44,0	780	35,5	2604	9,3	3060	7,9	7050	3,8	34410	1,5		0	0	873	12	873	12		2,10	2,10	9,4	0,00	0,0	0,00	0,0		83,87	7,8	75,80	7,8	43,17	16,5	4,56	9,4
2	0737	Tytsjerksteradiel	0,1499	4,1	0,3158	0,7	0,2731	2,3	1	1,4	504		197	1,9	282	1,7		145	2,5	161	2,3	191	2,6	191	2,6	191	2,6	191	2,6	191	2,6	191	2,6	191	2,6	191	2,6	191	2,6		0	0	847	3	948	3		1,50	1,50	0,0	0,00	0,0	0,00	0,0		83,85	7,9	75,80	7,8	51,10	14,5	16,60	5,7
2	0096	Vlieland	0,0662	4,2	0,2142	5,5	0,2031	4,0	0	4,8	353		266	4,3	355	4,4		116	5,0	174	5,0	116	5,0	232	5,0	347	5,0	463	5,0	579	5,0	3457	4,8	3457	4,8	6915	4,9	34573	5,0		0	0	735	4	882	4		2,20	2,20	4,3	86,71	4,4	0,00	0,0		83,00	7,8	75,00	7,1	51,10	14,5	0,00	0,0
2	1949	Waadhoeke	0,1180	9,9	0,2424	9,9	0,1706	11,9	0	10,7	343		250	-0,3	313	-0,3		263	10,0	329	10,0	461	10,0	461	10,0	461	10,0	461	10,0	461	10,0	461	10,0	461	10,0	461	10,0	461	10,0		0	0	857	7	985	6		0,00	0,00	0,0	0,00	0,0	1,20	0,0		83,85	7,7	75,80	7,8	51,10	14,5	9,30	0,0
2	0098	Weststellingwerf	0,0900	3,5	0,2204	5,8	0,2148	6,0	0	5,9	329		199	3,1	299	3,1		191	0,0	191	0,0	382	100,0	382	100,0	382	100,0	382	100,0	382	100,0	382	100,0	382	100,0	382	100,0	382	100,0		0	0	719	2	819	3		2,11	5,48	3,8	0,00	0,0	0,00	0,0		83,85	7,7	75,80	7,7	51,10	14,5	8,90	2,9
3	1680	Aa en Hunze	0,0933	2,4	0,2271	7,4	0,1026	4,8	0	6,6	370		199	6,0	265	6,0		165	2,5	165	2,5																				0	0	734	3	800	4		1,25	1,25	0,0	0,00	0,0	0,00	0,0		83,85	7,9	75,80	7,8	51,10	14,5	9,00	4,1
3	0106	Assen	0,1456	10,0	0,4645	8,3	0,3763	8,5	1	8,4	493		193	1,0	267	0,8		179	4,0	179	4,0	179	4,0	179	4,0	179	4,0	179	4,0	179	4,0	1795	8,1	2199	8,2	5734	8,5	29574	8,7		0	0	865	7	939	6		1,50	1,50	3,5	0,00	0,0	2,50	4,2		83,87	7,7	75,80	7,7	51,11	14,5	20,57	5,7
3	1681	Borger-Odoorn	0,1592	3,3	0,1592	2,4	0,1302	0,5	0	1,5	543		198	7,3	238	6,0		265	-0,5	265	-0,5																				0	0	1.005	3	1.046	3		1,30	1,75	0,0	0,00	0,0	0,00	0,0		83,85	7,7	75,50	7,3	51,10	14,5	10,00	2,6
3	0109	Coevorden	0,1390	3,6	0,2292	7,2	0,1910	7,2	0	7,2	483		269	6,0	324	6,0		229	3,0	229	3,0																				0	0	981	4	1.036	4		1,35	1,35	0,0	0,00	0,0	0,00	0,0		83,85	7,7	75,80	7,8	51,10	14,5	9,85	3,7
3	1690	De Wolden	0,0859	2,4	0,2034	2,3	0,1666	3,6	0	2,9	391		171	15,7	241	15,2		212	0,6	236	0,7	236	0,7	236	0,7	354	0,7	472	0,7	588	0,5	2444	0,1	2908	0,1	5843	0,5	8733	0,9		0	0	774	5	868	5		1,21	1,21	0,0	0,00	0,0	0,00	0,0		83,85	7,7	75,80	7,8	51,10	14,5	11,25	3,2
3	0114	Emmen	0,1369	1,0	0,3402	3,1	0,2762	0,5	1	1,9	414		252	0,0	284	0,0		236	9,3	236	9,3																				0	0	902	3	934	3		1,65	1,65	3,1	0,00	0,0	2,26	0,0		83,85	7,7	75,80	7,8	51,10	14,5	13,85	2,2
3	0118	Hoogeveen	0,1446	4,6	0,3289	-3,7	0,2506	-2,4	1	-3,1	477		204	0,0	287	0,0		159	3,1	159	3,1																				0	0	840	3	923	3		1,50	1,50	0,0	0,00	0,0	1,90	2,7		83,85	7,7	75,50	7,3	51,10	14,5	11,25	3,2
3	0119	Meppel	0,1140	14,1	0,4460	19,6	0,3270	17,6	1	18,7	421		218	2,8	218	2,8		183	3,4	183	3,4	183	3,4	183	3,4	183	3,4	183	3,4	183	3,4	183	3,4	183	3,4	183	3,4	183	3,4		0	0	822	8	822	8		0,00	0,00	0,0	0,00	0,0	2,05	5,1		83,85	7,7	75,80	7,8	51,10	14,5	12,15	3,4
3	1731	Midden-Drenthe	0,0976	8,6	0,2560	8,1	0,2049	8,1	0	8,1	367		194	5,5	239	4,4		239	0,0	239	0,0	239	0,0	239	0,0	239	0,0	239	0,0	239	0,0	831	0,0	979	0,0	2274	0,0	9554	0,0		0	0	799	5	844	5		1,55	1,55	19,2	0,00	0,0	0,00	0,0		83,85	7,7	75,80	7,8	51,10	14,5	9,05	1,7
3	1699	Noordenveld	0,0952	4,4	0,0952	6,7	0,1518	14,2	0	11,2	397		240	11,1	281	9,3		298	7,5	298	7,5																				0	0	935	7	976	7		1,10	1,75	0,0	0,00	0,0	0,00	0,0		83,85	7,7	75,80	7,8	51,10	14,5	7,55	2,7
3	1701	Westerveld	0,0945	-0,5	0,1947	2,2	0,1293	2,6	0	2,4	421		208	1,9	302	-2,6		220	-1,9	220	-1,9																				0	0	849	0	943	-1		1,35	1,90	5,6	0,00	0,0	0,00	0,0		83,85	7,9	75,80	7,8	51,10	14,5	8,40	3,1
3	1730	Tynaarlo	0,0832	3,3	0,1745	2,2	0,1095	2,2	0	2,2	381		188	25,3	222	20,7		189	7,4	189	7,4	189	7,4	189	7,4	189	7,4	366	7,4	366	7,4	1661	7,4	2092	7,4	5868	7,4	26502	7,4		0	0	759	9	792	9		1,15	1,50	0,0	0,00	0,0	0,00	0,0		83,85	7,7	75,80	7,8	51,10	14,5	17,00	-18,3
4	0141	Almelo	0,1183	4,3	0,3966	-3,1	0,3071	-3,9	1	-3,4	422		264	2,0	287	2,0		311	3,7	333	3,7	455	3,7	455	3,7	506	3,7	557	3,6	608	3,6	1373	3,6	1628	3,6	3413	3,6	15653	3,5		0	0	996	3	1.041	3		1,00	1,65	6,5	0,00	0,0	2,28	0,0		83,87	7,7	75,80	7,7	48,15	7,8	23,80	15,0
4	0147	Borne	0,1374	11,3	0,4507	8,9	0,3529	7,0	1	8,1	612		191	1,8	220	3,2		218	16,4	218	16,4	218	16,4	218	16,4	218	16,4	218	16,4	218	16,4	1088	17,1	1088	17,1	2612	17,3	13061	17,3		0	0	1.021	10	1.050	10		0,00	0,00	0,0	0,00	0,0	0,00	0,0		83,87	7,7	75,80	7,7	51,10	14,5	10,40	13,0
4	0148	Dalfsen	0,0985	10,8	0,2312	2,8	0,2211	1,4	0	2,1	472		229	2,4	258	2,3		143	3,4	143	3,4	143	3,4	143	3,4	143	3,4	143	3,4	143	3,4	733	3,2	733	3,2	2163	3,0	7923	3,3		0	0	845	7	874	7		0,95	1,45	3,6	0,00	0,0	0,00	0,0		83,85	7,7	75,80	7,8	51,10	14,5	7,95	2,6
4	1774	Dinkelland	0,0993	1,4	0,2804	6,4	0,2236	7,3	1	6,8	463		186	37,9	213	31,4		281	5,7	281	5,7	281	5,7	281	5,7	281	5,7	302	5,2	323	4,9	664	-81,9	749	-82,1	1495	-64,2	6607	58,2		26	26	903	5	931	5		0,60	1,60	0,0	0,00	0,0	0,00	0,0		83,50	7,7	75,00	11,1	48,15	13,3	6,50	8,3
4	0150	Deventer	0,1083	4,2	0,3917	3,7	0,2738	-2,3	1	1,1	460		246	2,5	288	2,1		192	6,0	192	6,0	192	6,0	192	6,0	192	6,0	192	6,0	192	6,0	708	5,8	708	5,8	1668	5,9	3705	5,9		0	0	898	4	940	4		0,54	1,83	7,7	0,00	0,0	3,33	11,0		83,87	7,7	75,80	7,8	51,11	22,9	15,95	7,8
4	0153	Enschede	0,1082	4,2	0,4793	1,8	0,3836	1,2	1	1,5	414		280	10,6	307	9,6		292	3,9	292	3,9	292	3,9	292	3,9	292	3,9	292	3,9	292	3,9	772	3,6	892	3,6	1942	3,5	8065	9,9		0	0	986	6	1.013	6		1,10	2,90	3,6	93,60	3,9	3,75	13,6		83,87	7,7	75,80	7,7	51,10	14,5	19,00	5,0
4	0158	Haaksbergen	0,1141	6,9	0,3396	5,9	0,2609	5,9	1	5,9	487		229	2,0	229	2,0		379	8,9	379	8,9	379	8,9	379	8,9	379	8,9	379	8,9	379	8,9	1239	8,9	1239	8,9	2745	8,9	13067	8,9		0	0	1.095	7	1.095	7		1,20	1,70	3,0	0,00	0,0	0,00	0,0		83,87	7,7	75,80	7,7	51,10	14,5	8,10	3,9
4	0160	Hardenberg	0,0856	2,3	0,2894	4,8	0,2494	4,9	1	4,8	322		211	1,4	253	1,2		289	4,3	289	4,3	289	4,3	289	4,3	289	4,3	289	4,3	289	4,3	1797	4,2	1797	4,2	2424	4,1	7440	4,0		0	0	822	3	864	3		1,05	1,05	0,0	0,00	0,0	1,15	0,0		83,85	7,7	75,80	7,8	51,10	14,5	13,70	4,6
4	0163	Hellendoorn	0,1028	4,0	0,3060	4,0	0,2496	4,0	1	4,0	458		268	7,5	268	7,5		263	7,5	263	7,5	263	7,5	263	7,5	263	7,5	263	7,5	263	7,5	2097	7,5	2097	7,5	5309	7,5	27329	7,5		0	0	989	6	989	6		0,82	1,96	2,6	0,00	0,0	0,00	0,0		83,85	7,7	75,80	7,8	51,10	14,5	13,80	7,4
4	0164	Hengelo	0,1147	9,9	0,4905	8,4	0,3720	6,6	1	7,6	436		231	1,0	268	0,9		268	3,9	268	3,9	268	3,9	268	3,9	268	3,9	268	3,9	268	3,9	2170	3,9	2170	3,9	5498	3,9	28319	3,9		0	0	935	6	972	6		0,85	1,20	4,4	88,32	0,0	2,10	10,5		83,87	7,7	75,80	7,7	51,11	14,5	18,60	5,1
4	1735	Hof van Twente	0,1130	6,0	0,2674	6,1	0,2292	4,8	0	5,5	464		228	6,0	259	4,4		332	8,9	332	8,9	332	8,9	332	8,9	332	8,9	332	8,9	332	8,9	828	7,7	952	7,6	2037	7,2	8277	6,7		0	0	1.024	7	1.055	6		1,10	1,55	0,0	0,00	0,0	0,00	0,0		83,85	7,7	75,80	7,8	51,10	14,5	8,50	6,9
4	0166	Kampen	0,1044	8,2	0,2781	0,9	0,1986	3,6	0	2,0	415		213	0,0	243	0,0		127	0,0	127	0,0																				0	0	755	4	785	4		1,50	1,50	0,0	95,52	9,9	2,30	9,5		83,35	7,1	75,80	7,8	51,10	14,5	9,60	9,7
4	0168	Losser	0,1155	7,5	0,2905	9,3	0,2097	7,7	1	8,6	486		249	-0,5	280	0,1		349	10,9	349	10,9	349	10,9	349	10,9	349	10,9	349	10,9	349	10,9	1743	10,9	1743	10,9	4183	10,9	19392	2,8		0	0	1.083	7	1.114	7		1,40	1,95	21,9	0,00	0,0	0,00	0,0		83,87	7,7	75,80	7,7	51,10	14,5	18,80	3,9
4	0173	Oldenzaal	0,1020	9,6	0,3633	5,9	0,2827	5,4	1	5,7	432		247	-2,7	283	-1,6		229	12,8	229	12,8	229	12,8	229	12,8	229	12,8	229	12,8	229	12,8	229	12,8	229	12,8	229	12,8	229	12,8		0	0	908	7	945	7		0,85	1,60	0,0	0,00	0,0	1,30	0,0		83,87	7,7	75,80	7,7	51,11	14,5	14,70	8,9
4	1773	Olst-Wijhe	0,1250	3,5	0,2986	2,0	0,2396	4,3	1	3,0	569		241	4,8	264	4,3		238	3,7	238	3,7	238	3,7	238	3,7	238	3,7	238	3,7	238	3,7	476	3,7	476	3,7	693	3,7	1089	3,7		0	0	1.048	4	1.071	4		1,50	1,50	50,0	0,00	0,0	0,00	0,0		83,87	7,7	75,80	7,7	51,10	14,5	12,25	3,8
4	0175	Ommen	0,0780	5,5	0,2090	2,9	0,1501	3,0	0	3,0	364		204	5,2	235	4,4		232	2,7	232	2,7	232	2,7	232	2,7	232	2,7	232	2,7	232	2,7	877	2,8	877	2,8	1691	2,7	6147	2,5		0	0	800	5	831	4		1,10	1,10	0,0	0,00	0,0	alleen parkeervergunning	alleen parkeervergunning		83,87	7,7	75,80	7,8	51,11	14,5	13,50	3,1
4	0177	Raalte	0,0878	-0,3	0,2324	-2,9	0,1899	0,1	0	-1,6	393		180	9,0	226	7,1		255	5,9	255	5,9	255	5,9	255	5,9	255	5,9	255	5,9	255	5,9	756	5,9	756	5,9	1260	5,9	2771	5,9		0	0	829	3	874	3		1,50	1,50	50,0	0,00	0,0	0,00	0,0		83,87	7,7	75,80	7,8	51,10	14,5	14,00	8,1
4	1742	Rijssen-Holten	0,0796	8,7	0,2558	8,8	0,2047	9,0	0	8,9	346		120	-27,7	150	-30,9		179	4,1	179	4,1	179	4,1	179	4,1	179	4,1	179	4,1	179	4,1	1688	4,1	2066	4,1	5200	4,1	15711	4,1		0	0	645	-2	675	-5		0,95	0,95	11,8	25,50	-35,4	0,00	0,0		83,85	7,7	75,80	7,8	51,10	14,5	7,50	0,0
4	0180	Staphorst	0,1060	1,9	0,2359	0,5	0,1978	3,7	0	2,0	416		231	4,5	255	4,1		208	0,0	208	0,0	208	0,0	208	0,0	208	0,0	208	0,0	208	0,0	517	0,0	585	0,0	1180	0,0	5260	0,0		0	0	855	2	879	2		1,00	1,00	0,0	48,00	2,1	0,00	0,0		83,85	7,9	75,80	7,8	51,10	14,5	7,50	0,0
4	1708	Steenwijkerland	0,0773	2,1	0,2186	3,5	0,1768	3,5	0	3,5	294		224	1,6	257	1,4		208	2,4	208	2,4																				0	0	726	2	759	2		1,10	1,10	0,0	0,00	0,0	0,00	0,0		83,87	7,7	75,80	7,7	51,11	14,5	6,70	2,3
4	0183	Tubbergen	0,0918	8,0	0,2252	10,3	0,1734	10,1	0	10,2	443		192	95,8	217	76,3		294	11,4	294	11,4	294	11,4	294	11,4	294	11,4	368	8,9	443	7,3	1560	-2,8	1858	-2,3	4465	-1,0	14970	0,2		0	0	929	20	954	20		0,70	1,05	0,0	0,00	0,0	0,00	0,0		83,50	7,7	75,00	11,1	48,15	13,3	6,50	8,3
4	1700	Twenterand	0,1269	2,0	0,2445	-0,9	0,2406	-4,6	0	-2,8	502		156	-6,6	197	-5,3		279	2,5	279	2,5	279	2,5	279	2,5	279	2,5	279	2,5	279	2,5	1471	2,5	1761	2,5	3946	2,5	11204	0,3		0	0	936	1	977	1		1,15	1,15	4,6	0,00	0,0	0,00	0,0		83,87	7,7	75,80	7,7	51,10	14,5	8,00	6,7
4	0189	Wierden	0,0852	2,9	0,2186	3,1	0,1749	3,1	0	3,1	401		217	12,4	245	10,9		322	5,7	322	5,7	322	5,7	322	5,7	322	5,7	322	5,7	322	5,7	322	5,7	322	5,7	322	5,7	322	5,7		0	0	940	6	968	6		1,25	1,25	4,2	0,00	0,0	0,00	0,0		83,85	7,7	75,80	7,8	51,10	14,5	9,30	5,1
4	1896	Zwartewaterland	0,0908	7,8	0,2602	8,6	0,1938	8,6	0	8,6	325		222	6,7	245	6,1		258	10,3	314	10,2	314	10,2	606	10,2	909	10,2	1212	10,2	1515	10,2	6363	10,2	7575	10,2	18180	10,2	90900	10,2		0	0	804	8	884	8		1,10	1,10	4,8	72,00	7,5	0,00	0,0		83,85	7,7	75,80	7,8	51,10	14,5	7,50	0,0
4	0193	Zwolle	0,0989	6,4	0,4909	9,0	0,3967	9,0	1	9,0	432		229	-9,8	300	3,5		121	6,1	121	6,1	121	6,1	121	6,1	121	6,1	121	6,1	121	6,1	831	6,1	993	6,1	2397	5,4	10078	6,1		0	0	782	1	854	5		1,10	2,50	25,0	0,00	0,0	3,30	0,0		83,85	7,7	75,80	7,8	51,10	14,5	16,75	6,0
5	0197	Aalten	0,0974	7,1	0,2096	4,7	0,1566	5,5	0	5,0	357		123	5,5	144	4,9		98	1,4	178	1,4	145	1,4	290	1,4	435	1,4	580	1,4	725	1,4	3045	1,4	3625	1,4	6473	1,6	8231	1,6		0	0	578	6	679	5		1,35	1,35	0,0	32,50	-33,3	0,00	0,0		83,85	7,7	75,80	7,8	51,10	14,5	7,50	5,6
5	0200	Apeldoorn	0,1014	3,6	0,4829	3,2	0,3804	3,2	1	3,2	472		286	6,3	299	6,0		208	3,5	208	3,5																				0	0	965	17	979	17		0,62	2,79	3,0	37,50	-51,6	3,56	6,0		83,85	7,9	75,80	7,8	51,10	14,5	17,00	6,6
5	0202	Arnhem	0,1102	5,9	0,7026	5,2	0,1756	5,2	1	5,2	483		253	13,7	337	13,7		218	4,3	218	4,3																				0	0	954	7	1.038	8		1,00	2,50	0,0	0,00	0,0	3,50	2,9		83,85	7,7	75,80	7,8	51,10	14,5	11,80	0,0
5	0203	Barneveld	0,0744	4,9	0,2080	5,2	0,1641	5,3	0	5,2	396		201	2,0	335	2,0		210	4,0	210	4,0	210	4,0	210	4,0	210	4,0	235	3,6	285	2,9	1085	0,8	1285	0,6	3035	0,3	12535	0,1		0	0	806	4	940	4		1,19	1,19	4,4	55,75	3,8	1,20	0,0		83,85	7,7	75,80	7,8	51,10	14,5	16,60	5,7
5	1945	Berg en Dal	0,0796	8,2	0,2372	6,2	0,1962	6,3	0	6,2	348		224	-0,6	319	-0,6		213	4,4	285	4,4	213	4,4	355	4,4	551	4,6	551	4,6	551	4,6	1763	4,5	1763	4,5	3506	4,5	15707	4,5		0	0	786	5	953	4		1,03	1,63	0,0	0,00	0,0	0,00	0,0		83,85	7,9	75,80	7,8	48,15	7,8	11,20	4,7
5	1859	Berkelland	0,1041	12,2	0,2340	2,7	0,1809	1,5	0	2,2	447		142	3,0	195	3,0		307	3,1	379	3,1	350	3,1	482	3,1	614	3,1	746	3,1	878	3,1	2924	3,2	3428	3,2	6948	3,0	23028	3,1		0	0	897	7	1.022	7		1,25	1,25	0,0	0,00	0,0	0,00	0,0		83,87	7,7	75,80	7,7	51,11	14,5	7,90	4,0
5	0209	Beuningen	0,1172	10,0	0,5488	6,3	0,4154	7,6	1	6,9	525		195	8,5	204	8,1		223	0,0	223	0,0	223	0,0	223	0,0	223	0,0	223	0,0	223	0,0	223	0,0	223	0,0	223	0,0	223	0,0		0	0	943	7	952	7		2,00	2,00	19,1	92,60	3,0	0,00	0,0		83,87	7,9	75,80	7,8	51,11	22,9	15,10	2,7
5	1876	Bronckhorst	0,0871	5,8	0,2129	4,2	0,1634	3,8	0	4,1	440		244	5,3	291	4,6		295	8,3	295	8,3	295	8,3	295	8,3	295	8,3	295	8,3	295	8,3	295	8,3	295	8,3	295	8,3	295	8,3		0	0	980	6	1.027	6		0,80	1,30	0,0	0,00	0,0	0,00	0,0		83,87	7,7	75,80	7,7	51,11	14,5	13,80	6,2
5	0213	Brummen	0,1306	0,1	0,3034	-11,1	0,3404	24,8	1	4,8	604		174	3,9	222	3,8		240	24,9	394	24,9	330	24,9	611	24,9	892	24,9	1173	24,9	1454	24,9	5950	24,9	7074	24,9	16909	24,9	84349	24,9		0	0	1.019	6	1.221	8		1,50	2,50	34,4	0,00	0,0	0,00	0,0		83,55	7,3	75,80	7,8	51,10	14,5	10,20	4,1
5	0214	Buren	0,1255	8,0	0,2591	1,7	0,1943	-0,9	0	0,6	619		340	8,3	363	7,7		250	2,0	250	2,0	500	2,0	500	2,0	500	2,0	500	2,0	500	2,0	500	2,0	500	2,0	500	2,0	500	2,0		0	0	1.210	7	1.232	7		1,25	1,29	0,8	42,00	-10,6	0,00	0,0		83,87	7,8	75,80	7,8	51,11	14,5	10,15	2,5
5	0216	Culemborg	0,1022	5,4	0,3422	3,4	0,3627	3,4	1	3,4	460		342	8,2	367	7,6		264	42,7	264	42,7	528	185,4	528	185,4	528	185,4	528	185,4	528	185,4	528	185,4	528	185,4	528	185,4	528	185,4		0	0	1.066	14	1.090	13		0,80	0,80	0,0	60,05	3,1	1,10	10,0		83,85	7,7	75,80	7,8	51,10	14,5	17,40	3,3
5	0221	Doesburg	0,1209	4,7	0,1952	-10,8	0,1314	-17,7	0	-13,7	445		271	0,0	302	0,0		173	4,1	313	4,1	255	4,1	510	4,1	765	4,1	1020	4,1	1275	4,1	5355	4,1	6375	4,1	15300	4,1	76500	4,1		0	0	889	3	1.060	3		1,80	2,80	9,8	55,40	4,5	1,50	3,5		83,85	7,7	75,85	7,8	51,10	14,5	12,20	4,7
5	0222	Doetinchem	0,0958	3,2	0,2888	4,3	0,2610	5,1	1	4,7	365		283	1,7	355	2,7		237	3,0	237	3,0	237	3,0	237	3,0	237	3,0	237	3,0	237	3,0	237	3,0	237	3,0	237	3,0	237	3,0		0	0	886	16	957	15		1,00	1,50	0,0	0,00	0,0	2,40	0,0		83,85	7,7	75,80	7,8	51,10	14,5	12,30	2,9
5	0225	Druten	0,1071	13,9	0,2681	18,6	0,2097	10,8	0	15,0	454		148	-4,2	216	-2,1		252	2,9	252	2,9	252	2,9	252	2,9	252	2,9	252	2,9	252	2,9	252	2,9	252	2,9	252	2,9	252	2,9		0	0	854	7	922	7		0,00	0,00	0,0	93,12	2,9	0,00	0,0		83,85	7,7	75,80	7,8	51,10	14,5	9,95	3,1
5	0226	Duiven	0,1030	4,3	0,1945	4,3	0,1489	4,3	0	4,3	415		245	15,4	282	14,6		128	4,4	231	4,4	188	4,4	376	4,4	564	4,4	752	4,4	940	4,4	3948	4,4	4700	4,4	11280	4,4	56400	4,4		0	0	788	8	927	7		1,10	2,00	0,0	0,00	0,0	0,00	0,0		83,85	7,7	75,80	7,8	51,10	14,5	11,15	4,2
5	0228	Ede	0,0835	8,7	0,2442	12,8	0,1948	12,9	0	12,9	411		248	12,8	272	11,5		165	6,7	165	6,7																				0	0	824	9	848	9		1,28	1,70	4,9	41,64	9,8	1,76	0,0		83,85	7,7	75,70	7,6	51,10	14,5	12,15	6,1
5	0230	Elburg	0,0950	7,4	0,2000	9,4	0,1700	16,9	0	12,7	403		192	7,3	289	7,3		226	5,0	226	5,0	226	5,0	226	5,0	400	5,0	400	5,0	573	5,0	1961	5,0	2308	5,0	5256	5,0	26070	5,0		0	0	821	7	918	7		1,60	1,60	3,2	0,00	0,0	alleen parkeervergunning	alleen parkeervergunning		83,85	7,7	75,80	7,8	51,10	14,5	9,00	4,7
5	0232	Epe	0,0764	5,4	0,1843	6,2	0,1307	8,1	0	7,0	419		258	6,7	295	6,1		158	9,7	219	9,6	158	9,7	219	9,6	219	9,6	353	9,5	353	9,5	1096	9,4	2188	9,4	4429	9,4	18740	9,4		0	0	835	7	933	7		1,00	1,40	12,0	0,00	0,0	0,00	0,0		83,85	7,7	75,80	7,8	51,10	14,5	10,80	8,0
5	0233	Ermelo	0,1358	3,5	0,3572	4,9	0,2851	4,9	1	4,9	722		156	2,7	215	2,5		195	0,0	220	0,0	195	0,0	220	0,0	245	0,0	245	0,0	245	0,0	1495	0,0	1495	0,0	2245	0,0	8995	0,0		0	0	1.073	3	1.157	3		1,66	2,22	6,7	0,00	0,0	0,00	0,0		83,85	8,9	75,80	8,3	51,00	15,9	8,00	0,0
5	0243	Harderwijk	0,0917	3,7	0,2587	5,2	0,2077	5,2	0	5,2	434		221	39,9	261	14,5		156	5,6	156	5,6	245	1,3	245	1,3	245	1,3	245	1,3	245	1,3	245	1,3	245	1,3	245	1,3	245	1,3		0	0	811	12	850	7		1,68	1,68	5,0	65,98	2,1	2,10	5,0		83,85	7,9	75,80	7,8	51,10	14,5	8,90	3,5
5	0244	Hattem	0,1241	8,3	0,4123	17,3	0,2317	-4,1	1	8,6	623		241	3,7	265	3,4		251	8,2	251	8,2																				0	0	1.114	7	1.138	7		1,86	2,33	14,8	0,00	0,0	0,00	0,0		83,85	7,7	75,80	7,8	51,10	14,5	7,90	4,0
5	0246	Heerde	0,1211	7,8	0,3312	6,4	0,2441	6,4	1	6,4	602		225	2,9	259	2,8		180	3,1	180	3,1																				0	0	1.008	6	1.041	6		1,50	1,50	0,0	0,00	0,0	0,00	0,0		83,85	7,9	75,80	7,8	51,10	22,8	10,80	2,9
5	0252	Heumen	0,1195	0,3	0,3704	7,5	0,2854	7,6	1	7,6	564		164	3,4	233	3,7		167	2,1	167	2,1	167	2,1	167	2,1	167	2,1	167	2,1	167	2,1	167	2,1	167	2,1	167	2,1	167	2,1		0	0	895	1	964	1		0,00	0,00	0,0	97,30	3,1	0,00	0,0		83,85	7,9	75,80	7,8	51,10	14,5	14,95	0,0
5	1705	Lingewaard	0,1283	5,2	0,3103	9,4	0,2480	9,4	1	9,4	572		234	2,9	264	2,8		218	2,0	218	2,0	218	2,0	218	2,0	218	2,0	218	2,0	253	2,1	807	2,7	946	2,8	2158	2,9	10472	3,0		0	0	1.025	4	1.055	4		1,00	1,00	0,0	62,04	3,0	0,00	0,0		83,85	7,7	75,80	7,8	51,10	14,5	12,00	2,6
5	0262	Lochem	0,0600	3,5	0,1349	7,1	0,1162	6,7	0	6,9	329		226	6,6	287	5,9		333	0,0	333	0,0	333	0,0	333	0,0	333	0,0	604	0,0	604	0,0	4402	0,0	5098	0,0	9927	0,0	23862	0,0		0	0	887	3	949	3		1,00	2,75	5,8	0,00	0,0	alleen parkeervergunning	alleen parkeervergunning		83,85	7,7	75,80	7,8	51,10	14,5	8,30	4,4
5	0263	Maasdriel	0,0882	4,6	0,3018	4,7	0,2371	4,7	1	4,7	415		329	8,6	340	8,3		260	0,5	277	0,9	270	0,8	302	1,3	344	1,8	386	2,1	428	2,4	1144	3,8	1328	3,9	2978	4,2	14978	4,2		0	0	1.003	5	1.031	5		1,58	1,58	6,8	43,00	4,9	0,00	0,0		83,87	7,8	75,80	7,8	51,11	14,5	16,00	6,7
5	1955	Montferland	0,1190	8,1	0,2548	4,9	0,2054	5,0	0	5,0	418		247	11,8	275	10,4		182	3,9	329	3,9	268	3,9	536	3,9	804	3,9	1072	3,9	1340	3,9	5628	3,9	6700	3,9	16080	3,9	80400	3,9		0	0	847	8	1.022	7		1,25	1,25	0,0	46,58	-33,3	alleen parkeervergunning	alleen parkeervergunning		83,85	7,7	75,80	7,8	51,10	14,5	13,50	3,9
5	1740	Neder-Betuwe	0,1175	-1,3	0,2415	2,1	0,1503	-12,0	0	-3,8	498		338	8,3	358	7,8		241	0,0	241	0,0	241	0,0	241	0,0	241	0,0	241	0,0	241	0,0	241	0,0	241	0,0	241	0,0	241	0,0		0	0	1.077	2	1.097	2		1,34	1,34	3,9	79,41	3,9	0,00	0,0		83,87	7,8	75,80	7,8	51,11	14,5	8,05	3,9
5	0267	Nijkerk	0,0781	4,0	0,2374	4,7	0,1765	4,7	0	4,7	409		200	15,5	220	14,4		117	9,8	117	9,8	117	9,8	117	9,8	135	9,9	153	9,9	171	10,0	579	10,1	651	10,1	1289	10,2	5657	10,3		0	0	726	8	746	8		1,05	1,90	5,6	48,00	4,4	0,90	0,0		83,87	7,8	75,80	7,8	51,11	14,5	15,00	4,5
5	0268	Nijmegen	0,1781	8,3	1,0015	8,2	0,0000	nvt	1	8,2	856		16	0,0	32	0,0		227	6,3	227	6,3																				0	0	1.099	8	1.115	8		0,89	3,42	7,9	0,00	0,0	3,60	5,9		83,85	7,7	75,80	7,8	51,11	16,6	16,80	8,0
5	0302	Nunspeet	0,0902	4,9	0,2072	8,3	0,1662	8,7	0	8,5	448		180	5,6	250	8,4		143	7,6	143	7,6	323	7,9	323	7,9	323	7,9	323	7,9	323	7,9	323	7,9	323	7,9	323	7,9	323	7,9		0	0	770	6	841	6		1,30	1,30	13,0	0,00	0,0	0,00	0,0		83,85	7,7	75,80	7,8	51,10	14,5	7,80	5,4
5	0269	Oldebroek	0,1070	4,4	0,3113	3,7	0,2237	3,8	1	3,8	454		232	0,0	280	0,0		158	4,4	158	4,4	158	4,4	158	4,4	158	4,4	158	4,4	158	4,4	772	4,4	772	4,4	1721	4,5	7355	4,5		0	0	844	3	893	3		1,65	1,65	3,8	0,00	0,0	0,00	0,0		83,85	7,7	75,80	7,8	51,10	14,5	9,95	3,1
5	1586	Oost Gelre	0,1200	3,9	0,1820	0,3	0,1470	-2,9	0	-1,2	410		222	3,7	231	3,6		115	17,2	208	17,2	170	17,2	340	17,2	510	17,2	680	17,2	850	17,2	3570	17,2	4250	17,2	10200	17,2	51000	17,2		0	0	748	6	850	7		1,41	1,41	1,4	58,30	2,0	0,00	0,0		83,85	7,7	75,80	7,7	51,11	14,5	9,00	4,1
5	1509	Oude IJsselstreek	0,1151	3,2	0,1747	6,6	0,1343	-2,4	0	2,5	438		201	11,5	289	20,5		294	22,0	294	22,0	294	22,0	294	22,0	294	22,0	294	22,0	294	22,0	294	22,0	294	22,0	294	22,0	294	22,0		0	0	932	10	1.021	13		1,45	1,45	2,8	0,00	0,0	0,00	0,0		83,85	7,9	75,80	7,8	51,10	14,5	8,75	2,9
5	1734	Overbetuwe	0,0790	4,3	0,1513	10,9	0,1224	11,0	0	11,0	370		270	4,1	315	3,4		107	27,4	107	27,4	107	27,4	107	27,4	107	27,4	107	27,4	107	27,4	213	27,4	213	27,4	540	28,6	2700	28,6		0	0	746	7	792	7		0,00	0,00	0,0	73,32	3,9	0,00	0,0		83,85	7,7	75,80	7,8	51,10	14,5	12,50	4,2
5	0273	Putten	0,0628	4,7	0,1985	6,0	0,1584	6,7	0	6,3	353		167	8,6	196	7,7		204	-6,8	204	-6,8	204	-6,8	204	-6,8	296	-3,6	296	-3,6	296	-39,0	1039	2,1	1039	-10,5	2084	-3,5	8940	2,9		0	0	724	2	753	2		1,39	1,95	4,8	0,00	0,0	0,00	0,0		83,85	7,7	75,80	7,8	51,10	14,5	10,45	4,5
5	0274	Renkum	0,1114	16,9	0,4307	23,2	0,3371	25,7	1	24,3	558		254	-0,5	317	-0,5		244	6,7	433	6,7	715	6,7	715	6,7	968	6,7	968	6,7	968	6,7	2734	6,7	2986	6,7	6519	6,7	10810	6,7		0	0	1.056	10	1.307	9		1,40	2,50	4,2	38,10	-33,4	0,00	0,0		83,85	7,7	75,80	7,8	51,10	14,5	12,05	4,8
5	0275	Rheden	0,1054	11,3	0,2754	12,5	0,2156	12,1	0	12,3	473		229	8,2	272	4,9		207	5,0	207	5,0	282	5,0	282	5,0	525	5,0	525	5,0	525	5,0	3253	5,0	3253	5,0	3253	5,0	24548	5,0		0	0	910	9	953	8		2,09	2,48	18,7	39,30	3,0	0,00	0,0		81,50	7,5	74,00	8,0	49,25	18,4	13,15	6,1
5	0277	Rozendaal	0,0875	10,3	0,1661	12,3	0,1335	12,3	0	12,3	713		275	0,4	310	0,3		220	0,0	220	0,0	220	0,0	220	0,0	220	0,0	220	0,0	220	0,0	220	0,0	220	0,0	220	0,0	220	0,0		0	0	1.208	6	1.243	6		0,00	0,00	0,0	0,00	0,0	0,00	0,0		83,80	7,7	63,40	7,8	48,00	7,5	0,00	0,0
5	0279	Scherpenzeel	0,0926	5,9	0,2480	10,2	0,1718	11,8	0	10,9	428		239	9,7	258	9,5		250	3,7	250	3,7	272	3,7	272	3,7	272	3,7	272	3,7	272	3,7	1316	3,7	1577	3,7	3860	3,7	19515	3,7		0	0	917	6	937	6		1,87	1,87	0,0	78,60	3,5	0,00	0,0		83,85	7,9	75,80	7,8	48,15	7,8	9,20	3,4
5	0281	Tiel	0,0990	3,3	0,3299	4,1	0,2518	4,1	1	4,1	414		342	8,2	367	7,6		186	3,1	240	3,0	240	3,0	240	3,0	240	3,0	240	3,0	240	3,0	976	0,7	1160	0,6	2770	0,3	13810	0,1		0	0	942	5	1.021	5		1,50	2,00	0,0	86,75	3,0	3,20	0,0		83,85	7,7	75,80	7,8	51,10	14,5	15,00	29,3
5	0285	Voorst	0,1069	9,7	0,2736	11,7	0,2213	13,3	0	12,4	563		198	2,7	222	2,7		224	0,0	224	0,0	224	0,0	224	0,0	224	0,0	224	0,0	224	0,0	1121	0,0	1121	0,0	2241	0,0	4482	0,0		0	0	985	6	1.009	6		1,41	2,07	3,0	0,00	0,0	0,00	0,0		77,85	0,0	70,35	0,0	51,10	14,5	8,80	2,9
5	0289	Wageningen	0,1171	1,4	0,4165	14,0	0,3335	14,0	1	14,0	611		271	1,8	352	1,8		128	17,9	179	17,9	159	13,1	216	13,6	273	13,9	330	14,1	387	14,2	1866	22,5	2202	21,4	5142	18,1	25302	16,2		0	0	1.010	3	1.142	4		2,03	2,03	4,1	86,40	4,3	1,90	5,6		83,87	7,7	75,80	7,7	51,11	14,5	21,90	4,3
5	1960	West Betuwe	0,1033	5,5	0,3074	4,9	0,2576	4,9	1	4,9	503		330	8,6	342	8,2		443	6,2	443	6,2	443	6,2	443	6,2	443	6,2	443	6,2	443	6,2	1858	6,1	2212	6,1	3986	6,1	6983	6,1		0	0	1.277	7	1.289	6		1,50	1,50	0,0	0,00	0,0	0,60	0,0		83,85	7,7	75,80	7,8	51,10	14,5	16,60	5,7
5	0668	West Maas en Waal	0,0793	-2,1	0,2703	5,6	0,2662	4,6	1	5,1	361		329	8,6	341	8,3		273	0,0	273	0,0	273	0,0	273	0,0	273	0,0	273	0,0	273	0,0	273	0,0	273	0,0	273	0,0	273	0,0		0	0	963	2	974	2		1,20	1,20	0,0	36,54	0,5	0,00	0,0		83,85	7,7	75,80	7,8	51,10	14,5	12,50	4,2
5	0293	Westervoort	0,1477	11,5	0,3168	6,3	0,2422	4,7	1	5,6	553		202	3,1	239	3,5		253	5,2	253	5,2	507	110,4	507	110,4	507	110,4	507	110,4	507	110,4	507	110,4	507	110,4	507	110,4	507	110,4		0	0	1.008	8	1.045	8		0,00	0,00	0,0	101,00	4,2	0,00	0,0		83,85	7,7	75,80	7,8	51,10	14,5	11,15	4,2
5	0296	Wijchen	0,0994	4,4	0,2551	3,7	0,1968	3,3	0	3,6	423		216	6,1	244	6,5		218	6,0	218	6,0																				0	0	857	5	885	5		1,00	2,00	33,3	88,80	14,4	0,00	0,0		83,85	7,7	75,80	7,8	51,10	14,5	11,90	3,0
5	0294	Winterswijk	0,0987	7,5	0,2672	4,8	0,2114	32,6	0	15,5	341		201	2,6	215	2,4		193	1,1	350	1,1	285	1,1	570	1,1	855	1,1	1140	1,1	1425	1,1	5905	0,8	7025	0,8	16785	0,8	55425	1,0		0	0	735	4	905	4		1,60	2,15	22,9	0,00	0,0	0,00	0,0		83,00	7,8	75,00	7,1	51,10	14,5	10,50	0,0
5	0297	Zaltbommel	0,0928	8,0	0,2947	6,9	0,2507	6,9	1	6,9	404		343	8,2	368	7,6		349	11,3	349	11,3																				0	0	1.096	9	1.121	9		0,92	2,57	7,1	57,04	7,0	1,40	12,0		82,00	7,9	73,00	7,4	50,00	13,6	9,00	5,9
5	0299	Zevenaar	0,1357	7,6	0,3186	1,5	0,2793	0,6	1	1,1	513		190	12,9	219	11,0		169	3,7	243	4,3	217	3,8	217	3,8	217	3,8	217	3,8	217	3,8	1085	3,8	1085	3,8	2604	3,8	13020	3,8		0	0	871	8	975	7		1,05	1,05	0,0	0,00	0,0	0,90	0,0		83,85	7,7	75,80	7,8	51,10	14,5	5,15	8,4
5	0301	Zutphen	0,1084	1,7	0,4066	3,0	0,2890	3,0	1	3,0	432		267	6,5	313	6,2		150	0,6	150	0,6	150	0,6	150	0,6	150	0,6	150	0,6	150	0,6	150	0,6	150	0,6	150	0,6	150	0,6		0	0	848	3	895	3		1,65	2,58	3,2	0,00	Afgeschaft	2,90	3,6		83,85	7,8	75,80	7,8	51,10	14,5	14,35	3,2
6	0307	Amersfoort	0,1041	5,6	0,3888	5,4	0,3175	5,4	1	5,4	524		290	6,2	402	6,7		183	5,5	183	5,5																				0	0	996	6	1.109	6		2,57	2,57	4,9	100,20	5,0	3,00	1,7		83,87	7,7	75,80	7,7	51,11	14,5	16,60	5,7
6	0308	Baarn	0,0862	14,0	0,2876	19,9	0,2335	17,2	1	18,7	527		328	9,4	486	12,2		269	8,5	269	8,5	269	8,5	269	8,5	269	-23,2	269	-23,2	381	8,5	997	8,5	997	8,5	3994	8,5	26753	8,5		0	0	1.124	11	1.282	12		0,65	2,45	40,0	68,00	13,8	0,00	0,0		83,85	7,9	75,80	7,8	51,10	14,5	16,50	14,2
6	0312	Bunnik	0,1296	17,5	0,4033	13,3	0,3225	13,3	1	13,3	753		208	10,1	373	14,8		253	7,8	253	7,8																				0	0	1.214	14	1.379	15		1,10	3,48	11,5	0,00	0,0	0,00	0,0		83,87	7,7	75,80	7,8	48,15	7,8	15,60	11,8
6	0313	Bunschoten	0,0769	6,1	0,2095	6,4	0,1676	6,3	0	6,3	374		301	6,4	332	6,4		182	6,4	182	6,4	182	6,4	182	6,4	182	6,4	182	6,4	182	6,4	916	7,1	916	7,1	2184	6,4	10920	6,4		0	0	857	6	888	6		0,00	0,00	0,0	0,00	0,0	0,00	0,0		83,85	7,7	75,80	7,8	51,10	14,5	16,80	6,3
6	0310	De Bilt	0,0891	4,8	0,3137	6,8	0,2509	6,8	1	6,8	649		192	11,1	372	11,1		223	12,5	223	12,5	223	12,5	312	12,5	312	12,5	398	12,5	398	12,5	1988	12,5	1988	12,5	4771	12,5	23856	12,5		0	0	1.065	7	1.245	8		1,09	2,44	3,8	111,00	3,4	0,00	0,0		83,87	7,8	75,80	7,7	51,11	14,5	11,70	3,5
6	0736	De Ronde Venen	0,0622	-1,2	0,2478	2,4	0,2144	11,0	0	6,2	376		278	0,0	378	5,6		235	8,9	235	8,9	235	8,9	235	8,9	235	8,9	324	7,7	413	7,1	1837	5,2	2193	5,1	5308	4,9	26668	4,7		0	0	890	2	990	4		1,70	3,10	24,0	0,00	0,0	0,00	0,0		83,85	7,7	75,80	7,8	51,10	14,5	12,60	4,1
6	0317	Eemnes	0,1047	10,0	0,4367	10,5	0,0000	nvt	0	10,5	628		261	2,4	419	2,4		101	3,0	208	3,0	361	6,6	361	6,6	361	6,6	361	6,6	361	6,6	1820	6,6	2185	6,6	5376	6,6	27259	6,6		0	0	991	7	1.256	6		2,00	2,00	0,0	58,25	0,0	0,00	0,0		83,80	7,6	75,80	7,8	48,10	7,7	8,50	13,3
6	0321	Houten	0,0878	4,4	0,3437	7,6	0,2536	6,4	1	7,1	501		197	7,0	336	7,0		109	18,0	186	17,9																				0	0	808	7	1.023	8		2,64	6,85	3,8	0,00	Afgeschaft	alleen parkeervergunning	alleen parkeervergunning		83,85	7,7	75,80	7,8	51,10	14,5	12,65	5,9
6	0353	IJsselstein	0,0668	2,9	0,1892	1,5	0,1416	-5,3	0	-1,5	330		260	11,9	501	11,9		159	11,7	334	11,7	224	11,7	355	11,7	485	11,7	616	11,7	747	11,7	2838	9,2	3361	9,5	7935	11,7	39303	11,8		0	0	748	8	1.164	9		0,00	0,00	0,0	0,00	0,0	3,80	5,6		83,87	7,8	75,80	7,7	48,15	7,8	12,05	4,3
6	0327	Leusden	0,0992	18,2	0,3710	10,8	0,2992	10,8	1	10,8	509		256	22,5	272	20,9		163	10,3	163	10,3	163	10,3	163	10,3	163	10,3	163	10,3	163	10,3	163	10,3	163	10,3	163	10,3	163	10,3		0	0	928	18	944	17		1,24	1,85	5,7	0,00	0,0	0,00	0,0		83,87	7,7	75,80	7,7	51,11	14,5	16,60	5,7
6	0331	Lopik	0,1219	10,8	0,1575	1,6	0,1194	-4,4	0	-1,1	608		280	3,1	332	3,3		233	4,1	317	4,1	282	4,1	436	4,1	590	4,1	744	4,1	898	4,1	3362	4,1	3978	4,1	9368	4,1	46328	4,1		0	0	1.121	7	1.257	7		1,33	1,33	3,1	63,35	3,1	0,00	0,0		83,85	7,7	75,80	7,8	51,10	14,5	16,20	3,2
6	0335	Montfoort	0,1120	7,2	0,3896	4,9	0,3264	5,6	1	5,2	565		244	0,0	398	0,0		309	4,0	309	4,0	309	4,0	309	4,0	309	4,0	309	4,0	309	4,0	309	4,0	309	4,0	309	4,0	309	4,0		0	0	1.118	5	1.272	4		0,00	0,00	0,0	0,00	0,0	alleen parkeervergunning	alleen parkeervergunning		83,87	7,7	75,80	7,7	51,11	14,5	12,80	7,6
6	0356	Nieuwegein	0,0762	4,0	0,3867	4,0	0,3081	4,0	1	4,0	307		252	2,2	362	2,7		138	6,0	197	6,0	197	6,0	197	6,0	197	6,0	290	5,5	383	5,3	1871	4,7	2243	4,6	5498	4,6	27818	4,5		0	0	697	4	867	4		1,86	1,86	3,9	0,00	0,0	4,50	28,6		83,85	7,7	75,80	7,8	50,10	12,2	16,60	11,4
6	0589	Oudewater	0,1195	5,0	0,3289	5,8	0,2601	5,8	1	5,8	575		288	14,0	318	1,2		382	14,1	382	14,1	382	14,1	382	14,1	428	14,1	613	14,1	798	14,1	2844	2,0	3348	3,7	7758	9,6	37998	13,5		0	0	1.245	10	1.275	7		1,00	1,40	4,5	0,00	0,0	0,00	0,0		83,85	7,7	75,80	7,8	51,10	14,5	15,00	8,7
6	0339	Renswoude	0,0615	1,7	0,1658	9,0	0,1490	9,0	0	9,0	356		280	1,5	298	1,5		234	1,4	272	1,4																				0	0	870	2	927	2		0,75	0,75	0,0	0,00	0,0	0,00	0,0		83,80	7,8	75,80	7,8	48,10	7,7	9,00	1,1
6	0340	Rhenen	0,1052	10,7	0,5037	8,8	0,0000	nvt	1	8,8	543		220	5,8	302	5,6		182	24,1	235	25,9	213	25,3	311	27,5	409	28,6	507	29,3	605	29,8	2173	31,7	2565	31,8	5995	32,2	29515	32,4		0	0	944	12	1.080	12		1,55	1,55	10,7	68,50	8,7	alleen parkeervergunning	alleen parkeervergunning		83,85	7,7	75,80	7,8	51,10	14,5	16,60	5,7
6	0342	Soest	0,0766	5,3	0,2411	12,2	0,1902	12,1	0	12,2	388		298	14,6	333	14,8		226	3,7	226	3,7	226	3,7	226	3,7	226	3,7	226	3,7	226	3,7	1130	3,7	1130	3,7	2712	3,7	13560	3,7		0	0	912	8	947	8		0,00	0,00	0,0	53,50	2,9	0,00	0,0		83,85	7,9	75,80	7,8	51,10	14,5	16,40	3,1
6	1904	Stichtse Vecht	0,0910	9,0	0,2209	9,0	0,1657	9,0	0	9,0	479		271	25,0	411	25,0		206	11,4	280	11,4	280	11,4	414	11,4	414	11,4	464	0,0	555	0,0	2024	0,0	2391	0,0	5603	0,0	27628	0,0		0	0	957	14	1.170	15		2,00	3,40	100,0	76,14	9,0	1,15	9,5		83,87	7,7	75,80	7,7	51,11	14,5	15,00	25,0
6	0344	Utrecht	0,0844	4,9	0,4516	6,5	0,3647	6,5	1	6,5	475		313	-0,5	425	16,1		246	3,7	246	3,7	246	3,7	246	3,7	340	3,8	528	3,8	716	3,8	3724	3,9	4476	3,9	11056	3,9	56176	3,9		0	0	1.034	3	1.146	9		3,70	9,59	3,8	94,80	6,5	7,50	13,0		83,85	7,7	75,80	7,8	51,10	14,5	19,90	6,4
6	1581	Utrechtse Heuvelrug	0,0995	4,9	0,3186	6,3	0,1766	3,8	0	5,4	599		270	6,5	337	6,5		287	11,9	359	11,9	287	11,9	359	11,9	429	11,9	501	11,9	573	11,9	2363	11,9	2363	11,9	4437	11,9	16373	11,9		0	0	1.156	7	1.296	7		1,63	2,83	8,9	107,36	8,9	0,00	0,0		83,85	7,7	75,80	7,8	51,10	14,5	17,95	9,1
6	0345	Veenendaal	0,0770	3,3	0,2667	8,6	0,2132	8,6	0	8,6	365		279	0,0	308	0,0		105	3,2	105	3,2	351	3,1	351	3,1	351	3,1	351	3,1	351	3,1	351	3,1	351	3,1	351	3,1	351	3,1		0	0	750	2	779	2		1,22	1,22	3,4	100,32	3,1	2,86	3,3		83,80	7,7	75,00	6,7	51,11	14,6	17,80	2,9
6	1961	Vijfheerenlanden	0,0888	4,5	0,2609	-2,7	0,2036	-2,7	0	-2,7	413		349	6,4	439	6,6		194	0,0	194	0,0	194	0,0	194	0,0	194	0,0	388	0,0	388	0,0	1358	0,0	1552	0,0	3880	0,0	19400	0,0		0	0	956	4	1.046	4		3,70	2,25	4,7	0,00	0,0	1,00	0,0		83,85	7,7	75,80	7,8	51,11	14,5	14,50	3,6
6	0352	Wijk bij Duurstede	0,1131	9,3	0,3753	18,6	0,1832	-1,9	1	11,0	549		284	2,5	313	2,3		246	3,5	246	3,5	493	107,0	493	107,0	493	107,0	493	107,0	493	107,0	493	107,0	493	107,0	493	107,0	493	107,0		0	0	1.080	6	1.109	6		1,50	3,00	66,7	0,00	0,0	alleen parkeervergunning	alleen parkeervergunning		83,87	7,8	75,80	7,8	51,11	14,5	11,45	7,5
6	0632	Woerden	0,1176	11,0	0,3693	12,2	0,2691	12,2	1	12,2	573		253	9,1	311	8,4		294	11,4	294	11,4	588	122,7	588	122,7	630	108,7	799	76,1	968	59,8	2820	24,6	3276	22,6	7266	16,4	34626	12,7		0	0	1.120	11	1.178	10		1,30	1,70	6,3	0,00	Afgeschaft	2,90	7,4		83,85	7,9	75,80	7,8	51,10	14,5	15,00	8,7
6	0351	Woudenberg	0,0900	13,5	0,1961	6,2	0,1573	6,2	0	6,2	499		271	0,0	304	0,0		238	-4,1	250	1,2	250	1,2	250	1,2	250	1,2	250	1,2	250	1,2	490	0,6	550	0,5	1025	0,3	2425	0,1		0	0	1.009	5	1.054	6		1,65	1,65	3,1	80,00	3,6	0,00	0,0		83,80	7,6	75,80	7,8	51,10	14,5	16,60	52,3
6	0355	Zeist	0,0577	2,1	0,2158	1,3	0,1687	1,3	0	1,3	403		280	1,6	410	2,0		190	1,5	190	1,5	366	107,5	366	107,5	405	90,4	484	69,2	563	56,7	1822	19,2	2137	17,3	3579	13,3	12737	9,3		0	0	872	-1	1.002	0		0,75	2,60	6,1	0,00	0,0	2,00	0,0		77,75	16,9	70,30	22,3	51,10	-0,1	17,75	2,3
7	0358	Aalsmeer	0,0930	2,4	0,2619	18,4	0,2286	18,4	0	18,4	531		296	11,0	370	12,0		188	4,0	188	4,0	188	4,0	188	4,0	188	4,0	188	4,0	287	4,0	1874	4,0	2271	4,0	5743	4,0	29551	4,0		0	0	1.015	5	1.089	6		1,80	3,65	4,3	88,50	3,9	0,00	0,0		83,85	7,9	75,80	7,8	51,10	14,5	14,00	8,5
7	0361	Alkmaar	0,0579	4,7	0,4721	8,5	0,0728	6,6	1	8,2	252		241	14,0	390	14,0		193	17,3	193	17,3	193	17,3	193	17,3	193	17,3	193	17,3	193	17,3	193	17,3	193	17,3	193	17,3	193	17,3		0	0	686	11	835	12		1,36	2,73	6,6	0,00	0,0	3,25	6,6		83,87	7,7	75,80	7,7	51,11	14,5	13,17	6,6
7	0362	Amstelveen	0,0633	15,9	0,3034	18,8	0,2443	18,8	1	18,8	441		268	6,4	326	6,4		208	0,0	208	0,0	208	0,0	208	0,0	208	0,0	208	0,0	208	0,0	1049	0,0	1260	0,0	3101	0,0	15725	0,0		0	0	916	9	974	9		1,25	4,45	48,3	0,00	0,0	2,00	0,0		83,85	7,9	75,80	7,8	51,10	14,5	14,20	8,0
7	0363	Amsterdam	0,0462	4,0	0,1868	1,6	0,1355	2,8	0	2,1	308		352	2,3	469	2,2		167	4,0	167	4,0	167	4,0	167	4,0	167	4,0	656	4,0	656	4,0	2017	4,0	2017	4,0	6291	4,0	15657	4,0		0	0	827	3	944	3		6,60	17,13	40,0	0,00	0,0	7,50	0,0		83,87	7,7	75,80	7,7	51,11	14,5	23,70	5,8
7	0373	Bergen NH	0,0894	11,1	0,4534	11,0	0,0000	nvt	0	11,0	626		259	-6,8	360	-2,7		201	8,7	201	8,7	201	8,7	201	8,7	201	8,7	402	8,7	603	8,7	4422	8,7	4422	8,7	8442	8,7	8442	8,7		0	0	1.086	6	1.187	6		2,20	2,20	4,8	0,00	0,0	2,30	4,6		83,80	7,9	75,80	7,8	51,10	14,6	13,50	2,3
7	0375	Beverwijk	0,0802	6,5	0,2584	2,1	0,2165	2,1	0	2,1	324		246	8,9	367	8,9		197	0,0	197	0,0	197	0,0	197	0,0	197	0,0	488	0,0	488	0,0	1942	0,0	2523	0,0	5722	0,0	28982	0,0		0	0	767	6	888	6		1,10	1,10	4,8	0,00	0,0	0,00	Afgeschaft		83,85	7,7	75,80	7,8	51,10	14,5	14,80	6,1
7	0376	Blaricum	0,0895	2,1	0,3797	4,3	0,2839	4,3	1	4,3	901		201	7,9	402	7,9		218	0,0	218	0,0	218	0,0	218	0,0	218	0,0	218	0,0	218	0,0	218	0,0	218	0,0	218	0,0	218	0,0		0	0	1.320	3	1.522	3		2,13	2,13	6,5	0,00	0,0	0,00	0,0		83,80	7,6	75,80	7,8	48,10	7,7	12,50	4,2
7	0377	Bloemendaal	0,1078	3,5	0,3926	-0,7	0,2435	-22,7	1	-10,5	1178		304	0,0	522	17,5		288	2,2	288	2,2																				0	0	1.770	3	1.988	7		3,95	5,15	3,0	0,00	0,0	1,70	3,0		83,87	7,7	75,80	7,7	51,11	14,5	16,60	5,7
7	0383	Castricum	0,0699	6,2	0,4636	101,7	0,0000	-100,0	0	6,9	382		235	3,1	332	4,5		217	3,7	217	3,7	217	3,7	217	3,7	217	3,7	279	3,7	340	3,7	1323	3,7	1568	3,7	3717	3,7	18453	3,7		0	0	835	5	932	5		1,95	2,15	13,2	0,00	0,0	0,00	0,0		83,80	7,9	75,80	7,8	51,10	14,6	9,70	3,7
7	0400	Den Helder	0,1001	5,7	0,4541	16,2	0,3835	16,5	1	16,4	294		318	1,6	482	1,5		136	4,5	136	4,5	136	4,5	136	4,5	136	4,5	136	4,5	136	4,5	136	4,5	136	4,5	136	4,5	136	4,5		0	0	748	4	912	3		1,65	1,65	4,4	0,00	0,0	0,00	0,0		83,85	10,6	75,80	10,7	51,10	22,8	10,05	4,7
7	0384	Diemen	0,0661	2,0	0,2727	5,7	0,2591	5,8	1	5,8	360		375	21,4	474	21,7		236	6,1	236	6,1	236	6,1	236	6,1	236	6,1	236	6,1	236	6,1	1769	4,2	2152	4,1	5532	4,5	28497	3,9		0	0	972	10	1.070	11		3,25	3,25	49,8	0,00	0,0	1,70	0,0		83,85	7,8	75,80	7,8	51,11	14,5	11,50	4,1
7	1980	Dijk en Waard	0,0716	7,8	0,3438	5,1	0,2495	-4,1	1	1,1	322		235	1,1	289	-0,2		306	7,0	306	7,0																				0	0	863	6	917	5		1,00	1,00	0,0	0,00	0,0	0,90	0,0		83,85	7,7	75,80	7,8	51,10	14,5	16,60	5,7
7	0498	Drechterland	0,0915	8,5	0,1859	5,6	0,1470	6,8	0	6,1	430		301	-1,2	422	-0,7		182	3,5	182	3,5																				0	0	913	4	1.034	4		1,60	1,60	3,2	0,00	0,0	0,00	0,0		83,85	7,9	75,80	7,8	51,10	14,5	8,90	3,5
7	0385	Edam-Volendam	0,0725	4,9	0,1835	5,0	0,1463	5,0	0	5,0	322		294	15,0	397	15,0		192	-11,0	192	-11,0	192	-11,0	192	-11,0	192	-11,0	217	-11,0	242	-11,0	646	-10,9	746	-10,9	1628	-10,9	7676	-10,9		0	0	808	4	911	5		1,45	3,40	13,0	0,00	0,0	0,00	0,0		83,85	7,7	75,80	7,8	51,10	14,5	8,40	5,0
7	0388	Enkhuizen	0,0990	5,8	0,4555	0,3	0,3775	8,0	1	3,6	375		348	-0,3	432	-0,7		190	3,9	190	3,9																				0	0	912	3	996	3		2,70	2,70	3,9	0,00	0,0	0,00	0,0		83,85	7,7	75,80	7,8	51,10	14,5	10,85	3,8
7	1942	Gooise Meren	0,0628	4,9	0,1568	6,2	0,1181	6,2	0	6,2	458		256	7,0	403	7,0		242	9,5	242	9,5	477	9,5	477	9,5	477	9,5	477	9,5	595	9,5	1890	9,5	1890	9,5	3774	9,5	7306	9,5		0	0	956	7	1.103	7		2,00	2,00	5,8	0,00	0,0	1,70	6,3		83,85	7,9	75,80	7,8	51,10	14,5	14,00	6,9
7	0392	Haarlem	0,0734	5,8	0,2928	2,8	0,2335	3,0	1	2,9	443		296	6,2	478	12,2		167	7,3	167	7,3	167	7,3	167	7,3	167	7,3	167	7,3	167	7,3	167	7,3	167	7,3	167	7,3	167	7,3		0	0	906	6	1.088	9		2,00	5,00	0,0	104,28	3,8	6,05	4,3		83,87	7,8	75,80	7,8	51,11	14,5	23,60	0,0
7	0394	Haarlemmermeer	0,0723	16,2	0,3134	23,5	0,2770	24,3	1	23,9	392		328	13,7	445	13,7		156	13,7	156	13,7	156	13,7	156	13,7	186	13,6	246	13,5	306	13,4	1266	13,3	1506	13,3	3606	13,2	18006	13,2		0	0	876	15	993	15		3,32	8,62	8,0	0,00	Afgeschaft	3,45	0,0		83,85	7,8	75,80	7,8	51,10	14,5	18,45	13,5
7	0396	Heemskerk	0,0747	5,5	0,2040	24,6	0,1492	25,7	0	25,0	357		332	0,1	418	0,1		213	6,1	213	6,1	213	6,1	213	6,1	213	6,1	312	6,1	411	6,1	2001	6,2	2399	6,2	5878	6,2	29723	5,8		0	0	902	4	987	3		1,30	1,30	0,0	0,00	Afgeschaft	0,00	0,0		83,85	7,7	75,80	7,8	51,10	14,5	16,60	5,7
7	0397	Heemstede	0,0793	19,8	0,2897	18,1	0,2392	18,0	1	18,1	649		327	-1,3	409	-1,3		276	6,2	276	6,2	276	6,2	276	6,2	276	6,2	276	6,2	276	6,2	276	6,2	276	6,2	276	6,2	276	6,2		0	0	1.253	10	1.334	10		0,00	0,00	0,0	0,00	0,0	2,00	33,3		83,87	7,7	75,80	7,7	51,11	14,5	13,90	4,1
7	0399	Heiloo	0,0755	8,8	0,3173	5,7	0,0000	nvt	0	5,7	459		215	3,2	347	3,0		217	5,3	217	5,3	217	5,3	217	5,3	217	5,3	319	2,2	424	1,2	687	1,9	687	1,9	1158	4,1	4926	6,7		0	0	891	7	1.023	6		2,10	2,10	2,4	0,00	0,0	0,00	0,0		83,80	7,9	75,80	7,8	51,10	14,6	11,30	3,7
7	0402	Hilversum	0,0616	1,8	0,2868	4,4	0,1916	4,4	0	4,4	371		240	4,4	398	4,4		205	8,1	205	8,1	205	8,1	205	8,1	205	8,1	205	8,1	205	8,1	205	8,1	205	8,1	205	8,1	205	8,1		0	0	816	4	974	4		0,00	0,00	0,0	0,00	0,0	3,20	10,3		83,87	7,7	75,80	7,7	51,11	14,5	12,90	0,0
7	1911	Hollands Kroon	0,0920	9,9	0,1947	4,0	0,1461	10,2	0	6,6	369		250	6,6	365	6,2		205	4,1	205	4,1	205	4,1	205	4,1	205	4,1	205	4,1	205	4,1	205	4,1	205	4,1	205	4,1	205	4,1		0	0	824	7	938	7		1,50	1,50	0,0	0,00	0,0	0,00	0,0		83,87	7,7	75,80	7,7	51,11	14,5	9,00	2,9
7	0405	Hoorn	0,0929	3,5	0,2350	6,1	0,1521	4,7	0	5,5	383		281	2,2	385	2,6		172	2,8	172	2,8	172	2,8	172	2,8	172	2,8	172	2,8	172	2,8	378	2,9	453	2,9	1107	2,9	5595	2,9		0	0	836	3	940	3		1,90	2,70	1,9	29,18	-33,3	3,10	3,3		83,87	8,2	75,80	8,3	51,11	14,6	15,00	3,5
7	0406	Huizen	0,0463	3,4	0,1786	4,9	0,1560	5,3	0	5,1	264		290	3,8	386	3,8		260	10,7	260	10,7	521	121,3	521	121,3	521	121,3	521	121,3	521	121,3	521	121,3	521	121,3	521	121,3	521	121,3		0	0	814	6	911	6		1,50	2,74	3,8	0,00	0,0	alleen parkeervergunning	alleen parkeervergunning		83,87	7,8	75,80	7,8	51,11	14,5	16,60	16,1
7	1598	Koggenland	0,0934	6,6	0,1766	8,0	0,1312	10,1	0	8,9	413		301	2,0	405	2,0		102	4,0	102	4,0																				0	0	817	5	921	4		1,15	1,15	4,6	0,00	0,0	0,00	0,0		83,85	7,9	75,80	7,8	51,10	14,5	7,50	6,4
7	0415	Landsmeer	0,1004	9,3	0,2813	-1,7	0,2384	1,3	1	-0,3	666		384	5,5	512	5,5		260	5,5	260	5,5	520	111,0	520	111,0	520	111,0	520	111,0	520	111,0	520	111,0	520	111,0	520	111,0	520	111,0		0	0	1.310	7	1.437	7		3,70	9,59	3,8	0,00	0,0	alleen parkeervergunning	alleen parkeervergunning		83,85	7,9	75,80	7,8	51,11	14,5	16,60	5,7
7	0417	Laren	0,0937	1,1	0,2286	1,6	0,1564	1,6	0	1,6	999		276	10,3	406	10,3		163	18,9	279	18,9	557	137,7	557	137,7	557	137,7	557	137,7	557	137,7	2636	14,0	3156	11,4	7704	4,4	32078	1,0		0	0	1.438	5	1.684	6		0,00	0,00	0,0	95,79	0,0	0,00	0,0		83,80	7,6	75,80	7,8	48,10	7,7	12,50	4,2
7	0420	Medemblik	0,1257	7,4	0,3090	6,0	0,2402	5,0	1	5,5	552		241	0,0	341	0,0		212	3,0	212	3,0																				0	0	1.004	5	1.105	4		1,97	1,97	3,1	0,00	Afgeschaft	0,00	0,0		83,85	7,7	75,80	7,7	51,10	14,5	8,70	3,0
7	0431	Oostzaan	0,0974	7,1	0,2077	3,2	0,1885	8,5	0	5,6	568		337	8,7	407	7,7		348	3,2	348	3,2	348	3,2	348	3,2	348	3,2	348	3,2	348	3,2	348	3,2	348	3,2	348	3,2	348	3,2		0	0	1.253	6	1.323	6		4,65	4,65	3,3	49,25	3,3	0,00	0,0		83,85	7,7	75,80	7,8	51,11	14,5	21,10	3,2
7	0432	Opmeer	0,1350	6,4	0,2440	7,1	0,1960	8,7	0	7,8	575		337	7,9	459	8,0		266	7,1	266	7,1																				0	0	1.178	7	1.300	7		1,15	1,15	4,6	40,30	7,2	0,00	0,0		83,85	7,9	75,80	7,8	51,10	22,8	9,65	7,2
7	0437	Ouder-Amstel	0,0781	-0,2	0,2926	9,0	0,2533	9,0	1	9,0	533		314	7,0	327	6,9		177	15,6	177	15,6	177	15,6	177	15,6	177	15,6	344	15,6	510	15,6	3176	15,6	3842	15,6	9673	15,6	49657	15,6		0	0	1.024	4	1.038	4		1,50	9,50	14,5	83,86	3,2	5,00	11,1		83,85	7,9	75,80	7,8	51,10	14,5	15,05	3,8
7	0439	Purmerend	0,0800	9,8	0,2194	7,5	0,2044	8,8	0	8,1	364		300	1,0	375	1,0		215	7,6	215	7,6	215	7,6	215	7,6	215	7,6	377	7,6	377	7,6	1184	7,6	1345	-3,9	3282	7,6	16193	7,6		0	0	879	6	954	6		2,65	2,65	8,2	90,60	7,6	3,05	22,0		83,85	7,9	75,80	7,8	51,10	14,5	13,45	7,6
7	0441	Schagen	0,1112	5,3	0,2450	4,6	0,1764	4,7	0	4,6	452		325	0,9	383	1,1		220	7,3	220	7,3	220	7,3	220	7,3	220	7,3	440	7,3	440	7,3	1320	7,3	1760	7,3	3960	7,3	18920	7,3		0	0	997	4	1.055	4		2,00	2,00	14,3	0,00	0,0	0,00	0,0		83,85	7,9	75,80	7,8	51,10	14,5	9,75	4,8
7	0532	Stede Broec	0,1362	4,9	0,2167	5,1	0,1846	9,5	0	7,1	550		283	1,5	416	1,3		205	13,6	205	13,6																				0	0	1.039	6	1.172	5		1,75	1,75	2,9	68,70	3,5	0,00	0,0		83,85	7,9	75,80	7,8	51,10	14,5	10,95	3,3
7	0448	Texel	0,0322	5,1	0,0719	7,5	0,0566	7,6	0	7,5	144		224	6,0	361	6,0		293	3,0	293	3,0	293	3,0	293	3,0	293	3,0	293	3,0	293	3,0	293	3,0	293	3,0	293	3,0	293	3,0		0	0	661	4	798	5		2,40	2,40	4,4	0,00	0,0	2,50	0,0		83,85	7,7	75,80	7,8	51,10	14,5	6,35	3,3
7	0450	Uitgeest	0,1165	13,3	0,3328	5,9	0,2359	6,9	1	6,3	590		225	5,0	346	4,9		208	28,8	208	28,8	245	28,7	245	28,8	319	28,8	319	28,8	319	28,8	319	28,8	319	28,8	319	28,8	319	28,8		0	0	1.024	14	1.145	13		1,25	2,50	25,0	0,00	0,0	0,00	0,0		83,80	7,9	75,80	7,8	51,10	14,6	10,20	3,0
7	0451	Uithoorn	0,0877	3,5	0,2576	30,3	0,1876	30,3	0	30,3	433		323	10,6	368	9,2		265	12,8	265	12,8	265	12,8	265	12,8	265	12,8	265	12,8	265	12,8	3225	12,8	3965	12,8	10440	12,8	54840	12,8		0	0	1.021	8	1.066	8		3,27	3,27	3,8	0,00	0,0	0,00	0,0		83,85	7,9	75,80	7,8	51,10	14,5	15,05	3,8
7	0453	Velsen	0,0773	2,2	0,3108	3,8	0,2497	3,8	1	3,8	384		356	-5,1	391	-3,8		184	2,8	184	2,8	184	2,8	184	2,8	184	2,8	184	2,8	184	2,8	184	2,8	184	2,8	184	2,8	184	2,8		0	0	923	-1	959	0		1,50	2,50	0,0	102,92	-0,2	1,30	0,0		83,85	7,7	75,80	7,8	51,10	14,5	16,60	5,7
7	0852	Waterland	0,0894	1,4	0,3221	4,7	0,2440	4,1	1	4,4	476		190	2,7	311	2,7		156	2,7	188	2,7																				0	0	823	2	975	2		3,10	3,10	12,7	60,72	2,6	alleen parkeervergunning	alleen parkeervergunning		83,85	7,7	75,80	7,7	48,15	15,8	10,90	2,4
7	1696	Wijdemeren	0,1181	8,2	0,2364	-7,3	0,1686	-9,8	0	-8,4	762		325	26,1	448	26,1		367	56,2	367	56,2	367	56,2	367	56,2	367	56,2	367	56,2	367	56,2	2427	56,3	2427	56,3	5314	56,3	5314	56,3		0	0	1.454	22	1.576	22		1,75	3,50	165,2	98,24	3,9	0,00	0,0		83,80	7,9	75,80	7,8	51,10	14,5	16,00	6,7
7	0880	Wormerland	0,0979	6,8	0,1841	7,6	0,2055	9,0	0	8,3	495		333	8,3	363	8,1		276	5,3	276	5,3	276	5,3	276	5,3	276	5,3	276	5,3	276	5,3	1378	5,3	1378	5,3	3307	5,3	15736	0,2		0	0	1.103	7	1.133	7		1,95	1,95	2,6	88,75	3,2	0,00	0,0		83,85	7,7	63,40	7,7	51,10	14,5	21,10	3,2
7	0479	Zaanstad	0,0754	0,8	0,3212	5,4	0,2394	4,5	1	5,1	346		348	0,0	348	0,0		316	8,5	316	8,5	105	8,5	210	8,5	316	8,5	421	8,5	526	8,5	2210	8,5	2631	8,5	6313	8,5	31566	8,5		0	0	1.010	3	1.010	3		geen campings in gemeente	7,54	3,9	0,00	0,0	3,60	4,4		77,85	0,1	70,35	0,1	48,15	15,8	14,20	7,6
7	0473	Zandvoort	0,0670	5,3	0,2554	3,5	0,1434	3,5	0	3,5	396		220	3,9	300	3,9		211	3,9	211	3,9	211	3,9	211	3,9	385	4,0	559	4,1	733	4,1	2720	3,7	3188	3,7	7093	4,0	21033	3,6		0	0	827	5	907	5		3,30	3,30	0,0	0,00	0,0	4,00	14,3		83,87	7,7	75,80	7,7	51,11	14,5	16,60	3,8
8	0482	Alblasserdam	0,0991	4,6	0,3207	-2,0	0,3463	19,8	1	8,2	405		384	7,4	449	7,4		169	6,0	169	6,0																				40	40	918	11	982	11		1,40	1,40	3,7	89,70	5,3	alleen parkeervergunning	alleen parkeervergunning		83,85	10,6	75,80	10,6	51,11	14,5	11,90	5,3
8	0613	Albrandswaard	0,1006	0,7	0,3970	7,8	0,3270	4,7	1	6,4	516		293	5,0	425	5,0		221	0,0	294	0,0	735	150,0	735	150,0	735	150,0	735	150,0	735	150,0	3351	15,2	3975	12,5	8895	5,2	40575	1,1		0	0	1.030	2	1.236	2		0,00	0,00	0,0	0,00	0,0	0,00	0,0		83,87	7,8	75,80	7,8	51,11	14,5	19,00	3,3
8	0484	Alphen a/d Rijn	0,0773	3,4	0,2191	1,6	0,1868	1,4	0	1,5	337		233	0,0	330	0,0		204	5,0	280	5,0																				0	0	775	3	947	3		1,00	2,00	33,3	64,56	2,9	2,50	0,0		83,85	7,7	75,80	7,8	51,10	14,5	11,65	2,6
8	0489	Barendrecht	0,0878	4,0	0,2343	12,0	0,1885	9,4	0	10,8	427		241	11,5	441	11,5		67	2,9	199	3,0																				0	0	735	6	1.067	7		0,75	0,75	0,0	114,72	3,9	0,00	0,0		83,87	7,8	75,80	7,8	51,11	14,5	9,20	3,4
8	1901	Bodegraven-Reeuwijk	0,1280	5,4	0,6711	15,7	0,0000	nvt	1	15,7	648		276	7,4	353	7,3		308	4,2	351	4,2	308	4,2	402	4,2	461	4,2	597	4,2	597	4,2	1607	4,2	1607	4,2	3070	4,2	9896	4,2		0	0	1.232	6	1.353	6		2,00	3,00	9,1	0,00	0,0	alleen parkeervergunning	alleen parkeervergunning		83,85	7,7	75,80	7,8	51,10	14,5	10,25	4,1
8	0502	Capelle aan den IJssel	0,0728	10,7	0,2746	17,9	0,2238	15,4	0	16,8	323		226	3,0	297	3,0		120	2,6	120	2,6	120	-0,8	120	-0,8	171	-2,3	171	-2,3	171	-2,3	528	-4,5	579	-4,6	1293	-5,1	6189	-5,5		0	0	670	7	740	6		1,30	1,30	4,0	0,00	0,0	0,00	0,0		83,85	7,7	75,80	7,8	51,10	14,5	10,20	3,6
8	0503	Delft	0,0974	7,5	0,3463	6,4	0,2693	5,5	1	6,0	459		266	4,1	417	4,1		252	1,6	252	1,6	252	1,6	252	1,6	252	1,6	252	1,6	252	1,6	1292	1,6	1552	1,6	3827	1,6	19427	1,6		0	0	977	5	1.128	5		1,00	4,05	32,8	0,00	0,0	4,50	0,0		83,85	7,7	75,80	7,8	51,10	22,8	11,20	2,8
8	0505	Dordrecht	0,0905	6,4	0,3158	14,8	0,2675	25,3	1	19,4	346		340	7,4	357	7,4		234	7,4	234	7,4	282	7,4	378	7,4	571	7,4	763	7,4	956	7,4	4036	7,4	4805	7,4	11542	7,4	57737	7,4		0	0	919	17	936	17		1,00	3,50	75,0	0,00	0,0	3,80	15,2		83,87	7,7	75,80	7,7	51,11	14,5	13,50	7,6
8	1924	Goeree-Overflakkee	0,0900	1,8	0,1360	2,7	0,0960	0,6	0	1,8	384		281	8,3	318	8,4		202	5,2	202	5,2																				0	0	867	5	904	5		1,50	1,50	0,0	0,00	0,0	alleen parkeervergunning	alleen parkeervergunning		83,85	7,9	75,80	7,8	51,10	14,5	10,85	3,8
8	0512	Gorinchem	0,0943	23,0	0,3364	6,6	0,2711	6,7	1	6,6	432		286	-3,8	376	1,5		161	-0,6	201	-1,0	201	-1,0	402	-1,0	402	-1,0	603	-1,0	804	-1,0	2814	-1,0	3417	-1,0	8040	-1,0	40200	-1,0		0	0	878	8	1.009	9		0,00	0,00	0,0	0,00	0,0	2,30	9,5		83,85	7,7	75,80	7,8	51,10	14,5	11,85	5,8
8	0513	Gouda	0,0916	12,8	0,3810	11,3	0,3039	11,3	1	11,3	366		373	8,5	399	7,9		530	11,2	530	11,2	530	11,2	530	11,2	530	11,2	530	11,2	860	10,7	6140	10,1	7460	10,1	15160	10,0	45960	10,0		0	0	1.270	11	1.296	11		1,87	1,87	11,3	90,00	11,2	4,00	0,0		83,85	7,7	75,80	7,8	51,10	14,5	16,60	5,7
8	0523	Hardinxveld-Giessendam	0,1054	8,4	0,2852	10,2	0,2141	10,2	0	10,2	441		333	0,3	344	3,6		207	1,2	207	1,2	207	1,2	207	1,2	207	1,2	207	1,2	207	1,2	1239	1,2	1239	1,2	2668	4,8	14099	7,4		0	0	980	4	991	5		0,00	0,00	0,0	82,71	8,0	0,00	0,0		83,85	7,7	75,80	7,8	51,11	14,5	7,50	7,9
8	0531	Hendrik-Ido-Ambacht	0,0934	6,2	0,2949	8,4	0,2365	9,9	1	9,1	434		278	-3,7	410	1,4		184	8,0	218	8,0	218	8,0	218	8,0	287	8,0	287	8,0	356	7,9	907	7,9	1045	7,9	2216	7,9	8329	7,9		76	76	820	2	986	4		0,00	0,00	0,0	145,44	7,9	0,00	0,0		83,85	7,7	75,80	7,8	51,10	14,5	13,25	7,7
8	0534	Hillegom	0,0921	4,9	0,2265	4,3	0,1368	4,4	0	4,3	437		400	23,1	430	21,1		206	0,0	235	0,0	206	0,0	251	0,0	323	0,0	323	0,0	458	0,0	1268	0,0	1268	0,0	1988	0,0	3788	0,0		0	0	1.043	10	1.102	9		0,00	0,00	0,0	0,00	0,0	0,00	0,0		83,85	7,7	75,80	7,8	51,10	14,5	13,50	8,9
8	1963	Hoeksche Waard	0,0800	6,8	0,2783	9,5	0,2322	9,5	1	9,5	342		214	5,9	261	6,0		170	4,3	227	4,3																				0	0	727	6	830	6		1,25	1,25	4,2	95,80	3,3	0,00	0,0		83,85	7,7	75,80	7,8	51,10	14,5	9,65	3,2
8	1884	Kaag en Braassem	0,0900	7,8	0,1670	8,9	0,1467	0,4	0	4,7	483		335	8,3	366	8,6		303	5,2	303	5,2	303	5,2	303	5,2	303	5,2	303	5,2	303	5,2	303	5,2	303	5,2	2714	5,2	2714	5,2		0	0	1.121	7	1.152	7		0,00	0,00	0,0	0,00	0,0	0,00	0,0		83,87	7,7	75,80	7,8	51,11	14,6	12,15	5,2
8	0537	Katwijk	0,1080	16,8	0,5451	15,1	0,1612	15,1	1	15,1	543		256	0,0	372	0,0		164	12,5	164	12,5	164	12,5	164	12,5	279	12,5	279	12,5	393	12,5	1652	12,5	1881	12,5	4629	12,5	22944	12,5		0	0	964	11	1.080	10		1,86	1,86	0,0	132,21	6,1	3,00	0,0		83,85	7,9	75,80	7,8	51,10	14,5	16,60	5,7
8	0542	Krimpen aan den IJssel	0,0856	1,8	0,2808	-4,5	0,2225	-4,6	1	-4,5	373		382	6,8	459	6,8		259	5,1	335	5,0	259	5,1	335	5,0	412	5,0	488	5,0	564	5,0	1783	5,0	2088	5,0	4755	5,0	23043	5,0		0	0	1.015	4	1.167	5		0,00	0,00	0,0	0,00	0,0	0,00	0,0		83,85	7,7	75,80	7,8	51,10	14,5	11,70	3,1
8	1931	Krimpenerwaard	0,0875	6,2	0,2705	5,3	0,2191	3,3	0	4,4	409		263	12,9	318	12,1		202	0,0	269	0,0																				0	0	874	7	995	6		1,92	1,92	6,1	0,00	0,0	0,00	0,0		83,87	7,7	75,80	7,8	51,11	14,5	10,50	6,1
8	1621	Lansingerland	0,0783	4,9	0,5522	11,1	0,0000	nvt	1	11,1	431		246	-4,3	269	-6,2		263	1,3	263	1,3	263	1,3	263	1,3	263	1,3	263	1,3	263	1,3	1316	1,3	1316	1,3	3159	1,3	5264	1,3		0	0	940	1	963	1		0,00	0,00	0,0	89,67	4,5	0,00	0,0		83,87	7,9	75,80	7,8	51,10	14,5	15,00	0,0
8	0546	Leiden	0,1131	8,1	0,5842	7,5	0,5835	7,2	1	7,3	594		254	6,0	476	6,0		137	13,7	254	13,7	247	13,7	247	13,7	342	13,7	532	13,7	722	13,8	2818	13,9	3342	13,9	7927	13,9	29567	13,9		0	0	984	8	1.324	8		0,55	3,50	0,0	0,00	0,0	3,50	9,4		83,85	7,7	75,80	7,8	51,11	14,5	15,70	0,0
8	0547	Leiderdorp	0,1160	4,7	0,3672	4,2	0,2753	4,2	1	4,2	569		348	13,3	460	13,6		109	6,7	201	6,7	121	6,7	121	6,7	203	6,6	366	6,6	529	6,6	3137	6,5	3789	6,5	9494	6,5	48614	6,5		0	0	1.026	8	1.230	8		0,54	2,92	0,0	0,00	0,0	0,00	0,0		83,85	7,9	75,80	7,8	51,10	14,5	12,30	41,4
8	1916	Leidschendam-Voorburg	0,0755	8,5	0,4643	6,6	0,0000	nvt	0	6,6	361		342	7,6	414	7,6		220	1,9	220	1,9	234	8,0	234	8,0	234	8,0	234	8,0	271	8,1	863	8,6	1011	8,6	2306	8,7	11186	8,8		0	0	924	7	995	7		1,85	6,05	8,0	0,00	0,0	0,00	0,0		83,85	7,7	75,80	7,8	51,10	14,5	18,30	8,3
8	0553	Lisse	0,1055	10,2	0,2560	15,3	0,2512	12,2	1	13,8	502		383	18,3	513	18,3		178	-11,3	178	-11,3	178	-11,3	178	-11,3	178	-11,3	178	-11,3	178	-11,3	178	-11,3	178	-11,3	178	-11,3	178	-11,3		0	0	1.063	8	1.193	9		1,81	2,95	8,9	97,92	9,1	0,00	0,0		83,85	7,7	75,80	7,8	51,10	22,8	13,50	8,9
8	0556	Maassluis	0,1084	4,6	0,2904	3,8	0,1944	3,4	0	3,7	429		380	2,3	445	2,8		190	2,7	190	2,7	190	2,7	190	2,7	190	2,7	190	2,7	190	2,7	730	2,7	926	2,7	2643	2,7	7323	2,7		0	0	999	3	1.064	3		2,35	2,35	4,4	0,00	0,0	0,00	0,0		83,87	7,7	75,80	7,7	51,11	14,5	17,75	3,8
8	1842	Midden-Delfland	0,1099	5,4	0,2364	5,3	0,1697	5,2	0	5,3	592		280	8,0	371	8,0		225	7,5	225	7,5	225	7,5	225	7,5	225	7,5	225	7,5	225	7,5	225	7,5	225	7,5	225	7,5	225	7,5		0	0	1.097	7	1.188	7		0,85	1,25	0,0	0,00	0,0	0,00	0,0		83,87	7,7	75,80	7,7	48,15	7,8	9,65	0,0
8	1978	Molenlanden	0,0789	4,2	0,1959	3,5	0,1630	3,5	0	3,5	377		333	12,6	441	19,2		191	6,9	260	6,9	231	6,9	356	6,9	481	6,9	606	6,9	731	6,9	2731	6,8	3231	6,8	7606	6,8	37606	6,8		0	0	901	12	1.078	14		1,44	1,44	3,6	0,00	0,0	0,00	0,0		77,85	0,1	70,35	0,1	48,10	7,7	12,60	6,3
8	0569	Nieuwkoop	0,1066	10,0	0,3990	13,2	0,3219	12,9	1	13,1	567		239	3,0	356	3,0		227	3,1	227	3,1	453	106,2	453	106,2	453	106,2	453	106,2	453	106,2	453	106,2	453	106,2	453	106,2	453	106,2		0	0	1.033	7	1.149	6		0,00	0,00	0,0	0,00	0,0	0,00	0,0		83,87	7,8	75,80	7,8	51,11	14,5	10,15	3,1
8	1930	Nissewaard	0,1093	9,1	0,3381	9,3	0,2644	7,4	1	8,5	367		391	1,1	391	1,1		178	13,0	178	13,0	710	126,0	710	126,0	710	126,0	710	126,0	710	126,0	710	126,0	710	126,0	710	126,0	710	126,0		0	0	935	6	935	6		1,11	1,56	5,4	87,25	8,8	3,20	8,5		83,85	7,7	75,80	7,8	51,10	22,8	12,80	8,9
8	0575	Noordwijk	0,0853	4,6	0,2044	7,6	0,1540	5,6	0	6,7	498		289	9,7	449	9,7		201	1,3	201	1,3	201	1,3	201	1,3	201	1,3	228	1,6	255	1,8	687	3,1	795	3,2	1740	3,5	2951	0,1		0	0	988	5	1.148	6		1,71	2,45	2,5	0,00	0,0	1,00	0,0		83,85	7,9	75,80	7,8	51,10	14,5	5,75	2,7
8	0579	Oegstgeest	0,1267	18,1	0,7066	11,3	0,0000	nvt	1	11,3	818		303	8,7	447	8,7		192	3,7	237	3,7	237	3,7	237	3,7	370	3,5	636	3,3	902	3,3	5158	3,1	6222	3,1	15532	3,1	79372	3,1		0	0	1.313	14	1.502	13		4,43	4,43	3,0	106,93	3,1	0,00	0,0		83,85	7,7	75,80	7,8	51,11	14,5	12,50	3,3
8	0590	Papendrecht	0,1136	1,8	0,3261	4,0	0,2438	4,9	1	4,4	454		322	4,2	424	-1,9		169	2,4	169	2,4	169	2,4	169	2,4	169	2,4	169	2,4	169	2,4	169	2,4	169	2,4	169	2,4	169	2,4		0	0	945	3	1.047	0		1,52	1,52	2,7	0,00	0,0	alleen parkeervergunning	alleen parkeervergunning		83,87	7,7	75,80	7,7	51,11	14,5	10,00	2,0
8	1926	Pijnacker-Nootdorp	0,0712	2,8	0,2120	-6,4	0,1390	-13,8	0	-9,5	401		300	6,5	408	6,5		196	-11,0	196	-11,0	196	-11,0	196	-11,0	196	-11,0	196	-11,0	237	-18,3	342	-11,1	342	-11,1	342	-11,1	342	-11,1		0	0	897	1	1.004	1		1,00	2,32	1,3	0,00	0,0	0,00	0,0		83,85	7,7	75,80	7,8	51,10	14,5	10,20	4,1
8	0597	Ridderkerk	0,0903	3,1	0,4751	4,1	0,0000	nvt	0	4,1	356		279	-0,3	386	-0,2		215	4,3	215	4,3	215	4,3	215	4,3	215	4,3	215	4,3	215	4,3	1929	4,2	2343	4,2	5622	4,2	21423	4,3		0	0	850	2	957	2		0,00	0,00	0,0	0,00	0,0	1,10	0,0		83,87	7,8	75,80	7,8	51,11	14,5	11,10	2,8
8	0603	Rijswijk	0,0717	5,8	0,5714	8,1	0,0000	nvt	1	8,1	331		370	9,6	533	19,4		177	-8,3	221	14,6	299	54,7	299	54,7	299	54,7	299	54,7	299	54,7	1899	5,9	2299	4,8	5799	1,9	29799	0,4		0	0	878	4	1.086	14		3,50	3,50	0,0	0,00	0,0	2,35	2,2		83,87	7,9	75,80	7,8	51,11	14,5	10,90	3,3
8	0599	Rotterdam	0,0683	9,4	0,3904	9,8	0,2782	9,8	1	9,8	300		337	13,9	437	13,9		287	10,8	287	10,8																				0	0	923	11	1.023	12		3,43	8,91	3,8	0,00	0,0	5,94	7,6		83,87	7,7	75,80	7,7	51,10	14,5	25,90	83,7
8	0606	Schiedam	0,0760	4,9	0,3360	6,3	0,2210	6,4	1	6,3	282		338	3,1	399	3,1		268	2,0	268	2,0	268	2,0	268	2,0	268	2,0	268	2,0	268	2,0	268	2,0	268	2,0	268	2,0	268	2,0		0	0	888	3	949	3		2,94	2,94	2,8	19,91	-49,2	2,90	3,6		83,80	7,7	75,80	7,8	51,10	14,6	14,95	3,1
8	0518	's-Gravenhage	0,0525	5,2	0,3051	4,2	0,2507	1,4	1	2,9	259		390	4,2	480	4,2		185	4,2	185	4,2	185	4,2	185	4,2	185	4,2	185	4,2	185	4,2	1196	4,3	1449	26,3	3218	13,2	15350	6,0		0	0	834	5	923	5		2,75	6,00	12,2	0,00	Afgeschaft	6,50	0,0		83,85	7,7	75,80	7,8	51,10	14,5	17,35	4,2
8	0610	Sliedrecht	0,0733	7,0	0,2199	1,6	0,1788	-2,4	0	-0,2	277		260	4,0	365	4,0		305	10,0	305	10,0	305	10,0	305	10,0	357	10,0	459	10,0	562	10,0	2210	10,0	2622	10,0	6225	10,0	30936	10,0		0	0	842	7	947	7		0,00	0,00	0,0	78,12	3,0	0,00	0,0		83,87	7,7	75,80	7,7	51,11	14,5	12,16	3,1
8	1525	Teylingen	0,0851	13,4	0,1908	18,0	0,2061	18,0	0	18,0	457		262	10,4	417	35,6		177	1,7	177	1,7	177	1,7	177	1,7	177	1,7	287	1,1	397	0,8	2157	0,1	2597	0,1	6447	0,1	32847	0,0		0	0	896	10	1.051	19		0,00	0,00	0,0	0,00	0,0	0,00	0,0		83,85	7,9	75,80	7,8	51,10	14,5	13,50	8,9
8	0622	Vlaardingen	0,1217	7,0	0,8680	10,2	0,0000	nvt	1	10,2	445		318	7,6	406	7,6		178	10,0	178	10,0	178	10,0	178	10,0	178	10,0	178	10,0	178	10,0	916	9,9	1122	9,9	3096	9,9	19584	9,9		0	0	940	8	1.028	8		3,32	3,32	7,4	0,00	0,0	2,40	0,0		83,85	7,7	75,80	7,8	51,10	14,5	13,65	7,5
8	1992	Voorne aan Zee	0,0883	2,2	0,1824	7,1	0,1216	6,1	0	6,7	396		321	0,0	343	0,0		212	0,9	213	0,9	110	0,0	110	0,0	110	0,0	135	0,0	155	0,0	609	0,0	724	0,0	1735	0,0	8864	0,0		0	0	929	1	952	1		1,35	2,44	0,0	0,00	Afgeschaft	0,00	0,0		83,85	10,6	75,80	10,7	51,10	14,5	16,60	57,4
8	0626	Voorschoten	0,1258	5,6	0,2748	18,7	0,2325	18,1	1	18,4	749		399	2,5	491	2,5		240	2,2	240	2,2	240	2,2	240	2,2	240	2,2	240	2,2	240	2,2	240	2,2	240	2,2	240	2,2	240	2,2		0	0	1.388	4	1.481	4		2,86	2,86	4,4	0,00	Afgeschaft	0,00	0,0		83,85	7,7	75,80	7,8	51,10	14,5	13,75	4,2
8	0627	Waddinxveen	0,0877	1,7	0,3166	0,9	0,2550	0,9	1	0,9	390		353	3,8	380	4,3		222	6,5	222	6,5	222	6,5	222	6,5	222	6,5	222	6,5	222	6,5	222	6,5	222	6,5	222	6,5	222	6,5		0	0	966	4	992	4		1,00	1,00	0,0	0,00	0,0	0,00	0,0		83,87	7,9	75,80	7,8	51,11	14,5	14,45	4,7
8	0629	Wassenaar	0,0984	3,5	0,3492	3,6	0,3184	3,6	1	3,6	906		352	3,2	507	3,2		143	9,4	220	9,1	215	9,3	359	9,5	539	9,6	719	9,6	899	9,7	2650	9,0	2962	8,9	5692	8,6	24412	8,4		0	0	1.401	4	1.633	4		1,70	4,28	3,1	95,04	3,3	0,00	0,0		83,85	7,7	75,80	7,8	51,10	14,5	16,60	5,7
8	1783	Westland	0,0747	3,2	0,2549	5,2	0,1920	5,3	0	5,2	381		288	4,2	363	4,2		267	3,8	313	3,9																				0	0	935	4	1.057	4		2,64	6,85	3,8	0,00	0,0	0,00	0,0		83,85	7,7	75,80	7,8	51,10	14,5	11,75	4,0
8	0637	Zoetermeer	0,1186	-4,3	0,4217	-6,4	0,3055	-6,4	1	-6,4	522		307	3,3	362	3,2		145	2,5	145	2,5																				0	0	974	-1	1.029	-1		3,70	9,59	149,1	0,00	Afgeschaft	2,85	14,0		83,87	7,7	75,80	7,7	51,11	14,5	20,53	2,3
8	0638	Zoeterwoude	0,1209	9,0	0,4795	7,0	0,2408	6,9	1	6,9	636		234	14,5	254	14,0		286	10,0	286	10,0	286	10,0	286	10,0	286	10,0	286	10,0	286	10,0	286	10,0	286	10,0	286	10,0	286	10,0		0	0	1.156	10	1.176	10		0,75	3,00	Nieuw ingevoerd	0,00	0,0	0,00	0,0		83,85	7,7	75,80	7,8	48,15	7,8	10,40	7,2
8	1892	Zuidplas	0,1021	6,0	0,2378	15,1	0,1754	15,2	0	15,2	518		306	2,9	328	2,7		197	0,0	197	0,0	197	0,0	197	0,0	197	0,0	197	0,0	197	0,0	197	0,0	197	0,0	197	0,0	197	0,0		0	0	1.021	4	1.043	4		3,35	3,35	31,4	0,00	0,0	0,00	0,0		83,85	7,7	75,80	7,8	51,10	14,5	13,80	3,0
8	0642	Zwijndrecht	0,0866	4,9	0,3241	1,5	0,2648	2,4	1	1,9	337		338	3,8	368	3,5		322	0,0	322	0,0	322	0,0	322	0,0	644	0,0	644	0,0	644	0,0	2898	0,0	3220	0,0	7727	0,0	18506	0,0		0	0	998	7	1.027	7		0,00	0,00	0,0	0,00	0,0	0,00	0,0		83,85	7,7	75,80	7,8	51,10	14,5	15,25	3,4
9	0654	Borsele	0,1054	3,9	0,2825	3,4	0,2488	3,4	1	3,4	372		261	2,0	390	2,0		193	6,9	212	6,8																				0	0	826	4	974	4		0,00	0,00	0,0	0,00	Afgeschaft	0,00	0,0		83,85	7,8	75,80	7,8	51,10	14,5	8,45	2,4
9	0664	Goes	0,1148	6,6	0,2916	3,8	0,2160	3,6	1	3,7	446		191	6,7	281	6,9		304	6,6	304	6,6																				0	0	941	7	1.031	7		1,20	1,55	6,9	0,00	0,0	2,30	9,5		83,85	7,7	75,80	7,8	48,15	7,8	15,90	6,4
9	0677	Hulst	0,0984	3,1	0,2352	7,3	0,2046	7,5	0	7,4	327		257	2,0	338	2,0		283	4,3	304	4,1																				0	0	867	3	969	3		0,95	0,95	18,8	74,30	6,6	1,65	0,0		83,85	7,9	75,80	7,8	51,10	14,5	9,20	7,0
9	0678	Kapelle	0,0838	3,8	0,2685	4,2	0,2168	4,3	0	4,2	325		219	4,3	268	3,9		226	3,8	301	3,8																				0	0	770	4	894	4		1,60	1,60	6,7	0,00	0,0	0,00	0,0		83,85	7,7	75,80	7,8	51,10	14,5	8,00	3,9
9	0687	Middelburg	0,1053	2,5	0,3833	4,2	0,3081	4,2	1	4,2	372		242	3,2	286	3,1		234	4,3	234	4,3	234	4,3	234	4,3	304	4,3	375	4,3	720	4,3	2532	4,3	2532	4,3	5056	4,3	5056	4,3		0	0	848	3	892	3		1,90	2,90	1,8	0,00	0,0	3,00	3,5		83,87	7,9	75,80	7,8	51,11	16,7	10,50	2,4
9	1695	Noord-Beveland	0,0932	-0,9	0,1504	7,2	0,1213	-0,5	0	3,6	303		225	0,0	284	0,0		198	0,0	198	0,0	198	0,0	198	0,0	218	0,0	218	0,0	272	0,0	1136	0,0	1352	0,0	3242	0,0	16202	0,0		0	0	725	0	784	0		1,60	1,60	10,3	45,00	0,0	0,00	0,0		83,85	7,7	75,80	7,8	51,10	14,5	6,00	0,0
9	0703	Reimerswaal	0,0868	8,4	0,2255	11,0	0,1828	11,0	0	11,0	291		222	-0,5	354	-0,7		263	10,4	306	10,4																				0	0	776	6	951	5		1,10	1,10	10,0	0,00	0,0	0,00	0,0		83,85	7,7	75,80	7,8	51,10	14,5	12,50	34,4
9	1676	Schouwen-Duiveland	0,0985	3,9	0,2443	4,6	0,1967	4,6	0	4,6	430		230	4,4	317	4,4		262	1,9	262	1,9	262	1,9	262	1,9	521	1,9	780	2,0	1039	2,0	5183	2,0	6219	2,0	15284	2,0	77444	2,0		0	0	922	3	1.009	4		2,04	2,04	0,0	0,00	0,0	2,00	0,0		83,87	7,8	75,80	7,8	51,11	16,7	16,60	5,7
9	1714	Sluis	0,0777	-3,9	0,2180	4,4	0,1777	4,3	0	4,3	275		241	9,0	330	9,0		306	4,3	306	4,3	306	4,3	306	4,3	306	4,3	888	4,3	888	4,3	1298	4,3	1298	4,3	2105	3,7	8105	0,9		0	0	822	3	911	3		1,65	2,75	7,8	67,75	3,0	2,00	0,0		83,85	7,7	75,80	7,8	48,15	7,8	7,80	3,3
9	0715	Terneuzen	0,1274	1,6	0,3357	5,7	0,2695	5,7	1	5,7	361		341	9,6	398	9,6		238	3,0	238	3,0																				0	0	939	5	997	5		1,80	1,80	7,8	82,00	7,9	1,60	0,0		83,85	7,9	75,80	7,8	51,50	15,3	13,50	7,1
9	0716	Tholen	0,1032	5,6	0,3017	1,5	0,2440	1,5	1	1,5	334		226	4,1	289	4,3		182	1,7	210	1,9	210	1,9	265	1,5	320	1,3	375	1,1	430	0,9	1310	0,3	1530	0,3	3455	0,1	13905	0,0		0	0	742	4	832	4		1,00	1,00	0,0	18,40	-50,0	0,00	0,0		81,50	5,8	74,00	6,1	45,65	14,1	7,50	0,0
9	0717	Veere	0,0741	7,1	0,1579	16,6	0,1230	14,0	0	15,4	346		245	4,1	308	3,8		142	4,2	170	4,2																				0	0	733	6	823	5		1,40	2,10	2,4	78,05	4,1	5,20	0,0		83,87	7,9	75,80	7,8	51,11	14,5	7,20	2,9
9	0718	Vlissingen	0,1214	1,3	0,4393	2,5	0,3490	2,5	1	2,5	372		324	-8,5	395	11,6		272	4,0	272	4,0	335	28,1	335	28,1	335	28,1	335	28,1	616	15,8	1159	10,0	1159	10,0	2283	11,3	10325	5,5		0	0	968	-2	1.038	6		1,89	2,11	3,4	102,75	3,2	2,00	0,0		83,87	7,8	75,80	7,8	51,11	14,5	9,90	2,6
10	1723	Alphen-Chaam	0,0957	7,2	0,1788	-1,9	0,1415	-0,3	0	-1,2	486		234	1,4	271	1,4		275	1,5	343	1,5	343	1,5	343	1,5	343	1,5	343	1,5	343	1,5	607	1,5	607	1,5	3744	1,5	3744	1,5		0	0	995	4	1.100	4		2,02	5,25	3,8	0,00	0,0	0,00	0,0		83,87	7,8	75,80	7,8	48,15	7,8	8,20	3,1
10	1959	Altena	0,0823	2,9	0,1838	6,5	0,1453	6,4	0	6,4	370		291	7,9	345	7,3		240	5,0	240	5,0	240	5,0	240	5,0	240	5,0	240	5,0	240	5,0	1730	5,0	1730	5,0	4339	5,0	22226	5,0		0	0	901	5	955	5		1,30	1,30	0,0	0,00	0,0	0,00	0,0		83,85	7,9	75,80	7,8	51,10	14,5	10,35	4,6
10	0743	Asten	0,1051	7,4	0,2810	4,5	0,2395	6,8	1	5,5	498		131	-9,0	193	-5,5		324	10,1	324	10,1	324	10,1	324	10,1	324	10,1	324	10,1	324	10,1	944	10,1	1151	10,1	2598	10,1	9437	10,2		0	0	954	6	1.016	6		1,82	2,34	4,0	70,92	9,0	0,00	0,0		83,85	7,7	75,80	7,8	51,10	14,5	12,30	3,8
10	0744	Baarle-Nassau	0,1030	30,2	0,2130	28,9	0,1690	26,9	0	28,0	475		196	2,6	269	2,9		100	4,3	180	4,3	147	4,3	294	4,3	441	4,3	588	4,3	735	4,3	3087	4,3	3675	4,3	8820	4,3	44100	4,3		0	0	771	18	923	16		1,98	1,98	51,2	0,00	0,0	0,00	0,0		83,87	7,8	75,80	7,8	48,15	7,8	8,20	3,1
10	0748	Bergen op Zoom	0,0883	1,9	0,3144	4,4	0,2453	4,4	1	4,4	326		305	9,2	353	9,0		351	0,0	351	0,0	351	0,0	351	0,0	351	0,0	351	0,0	351	0,0	1396	8,6	1776	9,2	5101	10,9	27901	11,6		0	0	982	3	1.030	4		1,85	3,18	2,9	0,00	0,0	2,70	0,0		83,87	8,9	75,80	8,3	50,00	12,0	10,30	3,0
10	1724	Bergeijk	0,0719	8,4	0,1919	7,9	0,1535	7,9	0	7,9	376		163	11,8	214	10,8		180	3,0	271	3,0	180	3,0	271	3,0	271	3,0	541	3,0	541	3,0	1623	3,0	2164	3,0	4870	3,0	23266	3,0		0	0	720	8	861	7		1,64	4,26	3,8	0,00	0,0	0,00	0,0		83,85	7,7	75,80	7,8	51,10	14,5	7,70	4,8
10	1721	Bernheze	0,0842	6,8	0,3092	3,8	0,2600	8,5	1	5,9	441		193	12,5	247	13,2		215	7,4	215	7,4																				12	12	837	7	891	7		1,40	1,40	0,0	0,00	0,0	0,00	0,0		83,85	7,7	75,80	7,8	51,10	14,5	16,80	6,0
10	0753	Best	0,0841	11,8	0,2186	5,6	0,1757	5,7	0	5,6	410		369	8,9	369	8,9		190	4,5	190	4,5	190	4,5	190	4,5	190	4,5	190	4,5	190	4,5	875	4,6	875	4,6	2039	4,6	8537	4,5		0	0	969	9	969	9		1,35	1,35	3,9	0,00	0,0	0,00	0,0		83,85	7,9	75,80	7,8	51,10	14,5	10,50	5,0
10	1728	Bladel	0,0709	10,7	0,1825	10,7	0,1646	10,8	0	10,8	347		150	4,0	176	0,8		86	0,0	260	0,0	182	0,0	411	0,0	411	0,0	719	0,0	719	0,0	3812	0,0	3812	0,0	12358	0,0	37320	0,0		0	0	583	7	783	5		1,82	1,82	2,8	0,00	0,0	0,00	0,0		83,87	7,7	75,80	7,8	51,10	16,7	9,30	3,3
10	0755	Boekel	0,1139	6,1	0,2565	8,0	0,2119	7,0	0	7,6	536		355	40,1	363	38,9		241	5,7	241	5,7	241	5,7	286	5,5	333	5,7	333	5,7	333	5,7	2717	5,7	3313	5,7	8108	5,7	23788	5,9		0	0	1.132	15	1.140	15		1,18	1,18	3,5	0,00	0,0	0,00	0,0		83,87	7,7	75,80	7,7	51,11	14,5	20,00	5,3
10	0757	Boxtel		nnb		nnb		nnb		nnb	nnb		216	-6,9	291	-5,6		197	3,3	197	3,3	197	3,3	197	3,3	377	3,1	557	3,0	737	3,0	3617	2,9	4337	2,9	10637	2,9	53837	2,9		0	0		nnb		nnb		1,95	2,25	12,5	0,00	0,0	1,05	5,0		83,85	7,7	75,80	7,8	51,10	14,5	12,75	3,2
10	0758	Breda	0,0566	0,5	0,2238	-0,9	0,1799	-1,3	0	-1,1	280		261	7,0	387	7,0		194	2,0	194	2,0	194	2,0	194	2,0	194	2,0	194	2,0	194	2,0	857	2,2	1020	2,2	2448	2,1	12240	2,0		0	0	736	3	861	4		1,85	3,95	0,0	0,00	0,0	2,30	0,0		83,85	7,7	75,80	7,8	51,10	14,5	10,80	2,9
10	1706	Cranendonck	0,1028	7,2	0,2879	3,9	0,2285	3,9	1	3,9	436		238	-6,8	302	-5,4		229	8,9	229	8,9	229	8,9	229	8,9	370	8,8	370	8,8	370	8,8	1357	8,8	1498	8,8	3472	8,8	23160	8,9		0	0	902	4	967	3		1,60	1,60	3,2	0,00	0,0	0,00	0,0		83,85	7,9	75,80	7,8	51,10	14,5	7,75	4,0
10	0762	Deurne	0,1100	5,8	0,2456	15,2	0,2094	14,7	0	14,9	508		149	0,0	192	0,0		208	3,0	318	3,0	318	3,0	472	3,0	651	3,0	651	3,0	1311	3,0	2304	3,0	2304	3,0	6729	3,0	36626	3,0		0	0	866	4	1.018	4		2,25	2,25	0,0	60,43	4,6	0,00	Afgeschaft		83,85	7,7	75,80	7,8	51,10	14,5	8,80	4,8
10	0766	Dongen	0,1101	-4,1	0,3043	33,1	0,2140	10,3	1	22,6	435		213	-5,0	328	-5,0		175	0,0	175	0,0	175	0,0	175	0,0	175	0,0	175	0,0	175	0,0	276	-0,1	300	0,0	510	0,0	1550	0,0		0	0	823	-3	938	-4		1,25	1,50	0,0	0,00	0,0	0,00	0,0		83,87	7,8	75,80	7,8	51,11	14,5	13,35	2,7
10	1719	Drimmelen	0,0848	1,2	0,1814	8,9	0,1475	6,4	0	7,8	392		290	34,1	352	27,7		236	49,8	268	41,3	255	44,5	314	33,3	364	27,5	405	24,0	446	21,4	519	17,8	531	17,3	696	24,8	1356	6,1		0	0	918	21	1.012	19		1,75	1,75	75,0	0,00	0,0	0,00	0,0		77,85	0,0	70,35	0,0	48,15	7,8	13,35	3,9
10	0770	Eersel	0,0630	1,3	0,1771	2,4	0,1412	2,4	0	2,4	348		132	4,6	178	4,5		208	6,0	315	6,0	208	6,0	315	6,0	315	6,0	491	6,0	491	6,0	1182	5,1	1533	5,3	3268	5,7	15373	7,0		0	0	688	3	842	4		3,43	3,43	3,8	0,00	0,0	0,00	0,0		83,85	7,9	75,80	7,8	51,11	14,5	9,75	6,0
10	0772	Eindhoven	0,0937	4,4	0,2961	4,8	0,2092	3,2	1	4,2	430		218	12,2	322	11,5		192	2,7	192	2,7	192	2,7	192	2,7	192	2,7	192	2,7	458	2,7	1256	2,7	1522	2,7	3384	2,7	16152	2,7		0	0	839	6	944	6		3,50	3,50	0,0	88,00	4,8	4,20	5,0		83,85	7,7	75,80	7,8	51,10	14,5	18,50	2,8
10	0777	Etten-Leur	0,0837	11,8	0,1773	-4,4	0,1493	-6,5	0	-5,4	343		278	14,5	305	13,1		135	-29,6	135	-29,6	135	-29,6	135	-29,6	135	-29,6	135	-29,6	135	-29,6	631	-8,3	755	-7,0	1840	-3,0	9280	-0,6		0	0	756	2	783	2		1,05	1,55	3,3	51,48	3,9	2,40	0,0		83,87	7,7	75,80	7,8	51,11	14,5	13,00	6,1
10	0779	Geertruidenberg	0,1031	7,5	0,3381	1,5	0,2674	1,5	1	1,5	408		216	7,5	306	8,5		212	3,0	235	3,1	259	3,1	259	3,1	259	3,1	395	3,0	395	3,0	1489	3,0	1489	3,0	2430	3,0	6954	3,0		0	0	837	6	950	7		1,60	1,60	6,7	0,00	Afgeschaft	0,00	0,0		83,45	7,3	75,80	7,8	51,10	14,5	10,50	22,8
10	1771	Geldrop-Mierlo	0,0677	8,0	0,1884	10,8	0,1530	10,7	0	10,8	311		269	17,2	358	13,8		199	0,0	199	0,0	199	0,0	199	0,0	266	0,0	266	0,0	266	0,0	1329	0,0	1329	0,0	3190	0,0	15948	0,0		0	0	780	9	869	8		1,54	1,54	5,5	55,44	5,0	0,70	0,0		83,87	7,7	75,80	7,8	48,15	7,8	16,50	5,1
10	1652	Gemert-Bakel	0,1229	4,4	0,2901	-3,7	0,1994	-7,1	0	-5,1	583		220	3,6	251	3,4		228	9,1	228	9,1	228	9,1	228	9,1	276	9,1	276	9,1	276	9,1	369	9,1	369	8,1	570	7,2	1683	8,4		0	0	1.031	5	1.062	5		1,55	1,55	3,3	64,05	3,9	0,00	0,0		83,85	7,7	75,80	7,8	51,10	14,5	16,60	5,7
10	0784	Gilze en Rijen	0,1046	8,7	0,3057	4,8	0,2482	-0,9	1	2,1	449		173	3,3	203	2,8		111	4,5	111	4,5	111	4,5	111	4,5	111	4,5	111	4,5	111	4,5	387	4,3	387	4,3	872	4,5	4195	4,5		0	0	733	7	763	6		1,65	1,65	3,8	57,72	3,7	0,00	0,0		83,87	7,8	75,80	7,8	48,15	7,8	8,20	3,1
10	0785	Goirle	0,1120	7,6	0,3470	9,8	0,2796	9,8	1	9,8	559		142	3,9	236	3,9		212	3,3	212	3,3	222	7,9	239	16,2	353	6,8	353	6,8	353	-8,1	736	5,3	736	5,3	2387	4,3	11184	4,0		0	0	913	6	1.007	6		1,80	1,80	2,9	0,00	0,0	0,00	0,0		83,85	7,7	75,80	7,8	51,11	14,5	7,20	8,3
10	1655	Halderberge	0,0842	4,4	0,2448	5,8	0,2187	5,8	0	5,8	351		260	5,8	321	5,6		186	0,5	248	0,5	248	0,5	248	0,5	248	0,5	248	0,5	248	0,5	728	2,4	848	2,6	1898	3,1	9098	3,4		0	0	797	4	920	4		1,35	1,35	0,0	0,00	0,0	0,00	0,0		83,85	7,7	75,80	7,8	51,10	14,5	15,45	6,6
10	1658	Heeze-Leende	0,0930	6,3	0,1935	5,0	0,1714	5,0	0	5,0	490		209	4,0	279	3,0		296	17,3	375	11,6	296	-11,8	435	29,3	478	42,1	478	42,1	478	42,1	2388	42,1	2388	42,1	5731	42,1	28656	42,1		0	0	996	9	1.144	7		1,00	1,60	18,5	0,00	0,0	0,00	0,0		83,85	7,9	75,80	7,8	51,10	14,5	12,65	4,1
10	0794	Helmond	0,1262	10,1	0,2673	11,2	0,2156	13,1	0	12,0	516		278	10,4	326	9,6		188	0,3	188	0,3	188	0,3	188	0,3	188	0,3	188	0,3	188	0,3	494	0,1	630	0,1	1820	0,0	9980	0,0		0	0	982	8	1.030	8		geen campings in gemeente	1,50	0,0	71,64	7,0	2,35	0,0		83,85	7,7	75,80	7,8	51,10	14,5	12,20	7,0
10	0797	Heusden	0,0900	3,1	0,2360	3,0	0,1390	2,7	0	2,9	428		165	33,9	235	30,8		240	8,0	240	8,0	240	8,0	240	8,0	448	8,0	448	8,0	448	8,0	1469	8,0	1689	7,9	3614	7,9	16814	7,9		0	0	833	10	903	11		1,10	2,10	0,0	59,40	0,0	1,00	0,0		83,85	7,7	75,80	7,8	51,10	32,4	6,35	2,4
10	0798	Hilvarenbeek	0,0898	6,0	0,2476	44,3	0,2069	44,3	0	44,3	478		195	35,5	240	24,1		147	2,3	147	2,3	227	2,3	331	2,2	503	2,3	503	2,3	503	2,3	1612	2,3	1612	2,3	3029	2,3	3029	2,3		0	0	820	11	865	10		2,15	2,65	0,0	0,00	0,0	0,00	0,0		83,85	7,7	75,80	7,8	48,15	7,8	10,65	1,9
10	1659	Laarbeek	0,0996	8,8	0,2596	2,0	0,2105	-2,4	0	0,0	475		180	0,0	240	0,0		255	7,5	255	7,5	255	7,5	255	7,5	255	7,5	255	7,5	255	7,5	393	7,5	393	7,5	608	7,5	1607	7,5		0	0	910	7	970	6		0,00	0,00	0,0	0,00	0,0	0,00	0,0		83,00	7,8	75,00	7,1	51,00	15,9	5,00	0,0
10	1982	Land van Cuijk	0,1066	12,4	0,3177	7,2	0,2206	7,2	1	7,2	459		231	4,3	238	4,2		193	6,0	256	6,0	256	6,0	256	6,0	383	6,0	383	6,0	383	6,0	1247	-3,5	1368	6,0	2979	6,0	12391	6,0		0	0	882	9	953	8		2,11	5,48	3,8	0,00	0,0	0,00	0,0		83,85	7,7	75,80	7,8	51,10	14,5	17,75	7,6
10	0809	Loon op Zand	0,1078	7,5	0,2690	29,9	0,1625	-1,1	0	16,2	485		249	3,0	324	-1,2		210	0,0	210	0,0	210	0,0	210	0,0	210	-41,2	210	-41,2	210	-41,2	710	10,8	730	13,2	905	31,2	2400	105,1		0	0	943	5	1.019	3		1,12	2,50	-16,7	41,59	3,1	0,00	0,0		83,87	7,7	75,80	7,8	51,11	14,5	11,55	3,1
10	1991	Maashorst	0,0729	5,7	0,2455	2,1	0,1951	2,2	0	2,1	349		200	4,2	268	4,2		187	6,0	227	11,9	227	-33,9	227	-43,6	227	-57,9	227	-57,9	332	-38,5	1106	-27,5	1335	-12,4	3123	-0,4	16863	300,1		0	0	737	5	844	7		0,90	1,30	4,0	0,00	0,0	1,00	0,0		83,85	7,7	75,80	7,8	51,10	14,5	11,10	4,2
10	1948	Meierijstad	0,0854	4,9	0,1923	5,3	0,1770	1,2	0	3,3	415		202	1,5	242	2,6		177	0,3	189	0,4																				0	0	794	3	847	3		1,00	1,50	0,0	0,00	0,0	0,00	0,0		83,85	7,9	75,80	7,8	51,10	14,5	7,50	-6,3
10	1709	Moerdijk	0,0750	9,6	0,3493	11,0	0,2804	11,0	1	11,0	304		268	5,3	357	5,3		237	9,6	316	9,6	316	9,6	316	9,6	316	9,6	316	9,6	316	9,6	1293	9,4	1577	9,4	3862	3,9	21102	9,2		0	0	809	8	977	8		1,52	1,52	10,1	0,00	0,0	0,00	0,0		83,87	7,7	75,80	7,8	51,11	16,7	7,75	9,2
10	0820	Nuenen c.a.	0,1058	5,2	0,2436	5,2	0,1955	5,2	0	5,2	591		243	4,6	303	4,2		76	1,6	207	1,0	142	1,1	142	1,1	492	1,0	492	1,0	492	1,0	3510	1,0	3510	1,0	8424	1,0	42120	1,0		0	0	911	5	1.102	4		2,40	2,40	0,0	0,00	0,0	0,00	0,0		83,85	7,7	75,80	7,8	48,15	7,8	8,30	0,6
10	0823	Oirschot	0,1018	7,4	0,3044	3,6	0,2447	3,6	1	3,6	564		175	22,2	233	17,2		163	16,8	242	16,8	163	16,8	242	16,8	482	16,8	482	16,8	482	16,8	973	16,8	973	16,8	973	16,8	973	16,8		0	0	903	12	1.039	12		1,90	2,20	5,3	0,00	0,0	0,00	0,0		83,87	7,7	75,80	7,8	51,11	14,5	13,05	5,7
10	0824	Oisterwijk	0,1005	5,7	0,2066	4,0	0,1793	4,0	0	4,0	577		197	24,5	232	20,6		154	4,3	154	4,3	238	4,3	357	4,3	571	4,3	571	4,3	571	4,3	4220	2,1	4310	4,3	13377	4,3	13377	4,3		0	0	928	9	964	9		2,10	2,30	4,6	0,00	0,0	1,60	0,0		83,85	7,7	75,80	7,8	51,10	14,5	9,20	4,0
10	0826	Oosterhout	0,0838	8,6	0,2183	2,9	0,2036	13,4	0	7,7	361		272	17,0	340	12,9		249	22,1	249	22,1	249	22,1	249	22,1	249	22,1	249	22,1	249	22,1	1017	10,1	1209	9,5	2889	7,8	14409	6,9		0	0	882	15	951	13		1,00	1,00	0,0	34,08	0,0	1,50	0,0		80,80	3,8	73,05	3,8	47,80	12,3	12,85	3,6
10	0828	Oss	0,0927	7,5	0,2666	19,4	0,2236	-11,8	0	2,8	403		237	0,3	269	1,0		178	0,0	178	0,0																				0	0	819	4	851	4		1,10	1,10	0,0	55,80	0,0	2,50	0,0		83,85	7,7	75,80	7,8	51,10	14,5	12,60	0,0
10	1667	Reusel- De Mierden	0,0810	2,0	0,2471	1,5	0,1467	3,5	0	2,2	399		142	21,9	163	19,3		165	22,7	298	22,7	243	22,7	486	22,7	729	22,7	972	22,7	1215	22,7	5103	22,7	6075	22,7	14580	22,7	72900	22,7		0	0	706	10	860	12		1,60	1,60	0,0	0,00	0,0	0,00	0,0		83,85	7,9	75,80	7,8	51,10	14,5	8,60	3,6
10	1674	Roosendaal	0,0814	6,0	0,1815	4,3	0,1282	4,3	0	4,3	292		280	2,7	314	4,9		351	0,0	351	0,0	351	0,0	351	0,0	351	0,0	351	0,0	351	0,0	2399	0,0	2911	0,0	7391	0,0	38111	0,0		0	0	922	3	957	3		1,30	1,30	4,8	0,00	0,0	2,25	7,1		83,87	7,8	75,80	7,8	51,11	14,5	10,05	5,2
10	0840	Rucphen	0,0795	1,6	0,1538	-5,3	0,1267	-3,6	0	-4,5	338		252	12,8	329	12,8		227	5,0	227	5,0																				0	0	817	6	894	6		1,10	1,10	4,8	0,00	0,0	0,00	0,0		83,85	7,7	75,80	7,8	51,10	14,5	7,50	0,0
10	0796	's-Hertogenbosch	0,0757	9,4	0,3447	10,8	0,2761	10,8	1	10,8	380		246	7,4	303	7,3		148	8,6	148	8,6	148	8,6	148	8,6	148	8,6	148	8,6	148	8,6	2321	6,3	2843	6,2	6833	6,1	28693	6,1		0	0	774	9	831	8		0,85	4,75	8,0	102,12	8,4	4,05	3,1		83,85	7,7	75,80	7,8	51,10	14,5	12,65	8,6
10	0845	Sint-Michielsgestel		nnb		nnb		nnb		nnb	nnb		243	-1,5	293	-1,2		141	3,2	161	3,2	153	3,2	189	3,1	225	3,1	261	3,1	297	3,0	873	2,9	1017	2,9	2277	2,9	10917	2,9		0	0		nnb		nnb		1,50	2,05	2,5	0,00	0,0	0,00	0,0		83,85	7,7	75,80	7,8	51,10	14,5	12,75	3,2
10	0847	Someren	0,1026	10,0	0,1613	6,1	0,1277	2,8	0	4,6	482		180	2,9	226	3,2		199	5,9	199	5,9	298	5,9	298	5,9	298	5,9	298	5,9	298	5,9	298	5,9	298	5,9	298	5,9	298	5,9		0	0	861	8	907	7		1,45	2,25	66,7	63,00	0,0	alleen parkeervergunning	alleen parkeervergunning		83,85	7,7	75,80	7,8	51,10	14,5	13,10	10,1
10	0848	Son en Breugel	0,0770	9,4	0,1966	7,7	0,1644	9,3	0	8,4	420		267	0,1	335	2,7		210	5,1	210	5,1	210	5,1	210	5,1	210	5,1	210	5,1	210	5,1	778	6,3	920	6,3	1946	6,6	7606	6,7		0	0	897	5	965	6		0,00	0,00	0,0	0,00	0,0	0,00	0,0		83,85	7,7	75,80	7,8	51,10	14,5	8,70	5,5
10	0851	Steenbergen	0,0933	5,1	0,1869	-12,3	0,1791	3,8	0	-5,1	362		308	0,0	411	0,0		140	6,9	165	7,1	282	7,2	282	7,2	282	7,2	282	7,2	282	7,2	282	7,2	282	7,2	282	7,2	282	7,2		0	0	810	3	938	3		1,30	1,30	13,0	0,00	0,0	0,00	0,0		83,00	7,8	75,00	7,1	42,00	10,5	8,00	6,7
10	0855	Tilburg	0,0776	13,3	0,2106	8,9	0,1666	3,5	0	6,5	321		292	4,9	324	4,9		114	8,8	114	8,8	114	8,8	114	8,8	395	8,8	395	8,8	395	8,8	1753	8,8	1753	8,8	7083	8,8	31126	8,8		0	0	727	9	759	9		1,85	4,80	3,8	128,76	8,4	16,50	0,0		83,85	7,7	75,80	7,8	51,10	14,5	22,80	7,0
10	0858	Valkenswaard	0,1027	1,5	0,2542	-13,9	0,1993	-15,6	0	-14,7	467		235	-0,8	330	-0,6		215	2,4	215	2,4	215	2,4	215	2,4	215	2,4	215	2,4	215	2,4	215	2,4	215	2,4	215	2,4	215	2,4		0	0	917	1	1.012	1		0,00	0,00	0,0	0,00	0,0	0,60	0,0		83,85	7,9	75,80	7,8	51,10	14,5	10,15	1,5
10	0861	Veldhoven	0,0911	6,2	0,2375	1,0	0,1320	-1,7	0	0,0	484		217	5,1	311	5,0		178	4,5	178	4,5	201	7,7	201	7,7	201	7,7	201	-38,5	201	-38,5	1500	46,1	1500	46,1	6000	257,1	6000	199,0		0	0	878	6	972	5		1,60	2,70	0,0	95,94	6,3	0,00	0,0		83,85	7,7	75,80	7,8	48,15	16,0	14,00	2,9
10	0865	Vught	0,0911	4,4	0,2646	0,4	0,2003	-1,4	0	-0,4	585		182	14,3	302	13,4		248	8,9	248	8,9	248	8,9	248	8,9	250	8,8	519	4,0	788	2,6	5092	0,4	6168	0,3	15583	0,1	80143	0,0		0	0	1.015	7	1.135	8		1,81	2,07	3,5	0,00	0,0	0,00	0,0		83,85	10,6	75,80	10,7	51,10	22,8	9,10	5,8
10	0866	Waalre	0,1004	13,0	0,2726	12,3	0,2192	12,3	0	12,3	587		155	-12,9	248	-19,8		203	1,5	203	1,5	203	1,5	203	1,5	203	1,5	203	1,5	203	1,5	203	1,5	203	1,5	203	1,5	203	1,5		0	0	945	5	1.038	1		3,95	3,95	12,9	0,00	0,0	0,00	0,0		83,85	7,7	75,80	7,8	51,10	14,5	11,00	5,3
10	0867	Waalwijk	0,0913	5,1	0,2448	6,3	0,1716	16,6	0	10,3	378		199	4,8	237	4,7		189	8,5	189	8,5	189	8,5	189	8,5	189	8,5	189	8,5	514	8,5	977	8,5	1163	8,5	2740	8,5	10933	9,2		0	0	766	6	804	6		2,06	2,06	5,1	57,45	5,0	1,00	0,0		83,87	7,7	75,80	7,8	51,10	14,5	12,90	4,9
10	0873	Woensdrecht	0,1075	5,8	0,1887	5,5	0,1582	5,5	0	5,5	411		257	7,2	301	7,0		165	5,1	221	5,0	221	5,0	221	5,0	221	5,0	221	5,0	221	5,0	1348	5,4	1576	5,4	3571	5,5	10951	4,8		0	0	833	6	933	6		1,50	1,50	0,0	37,50	0,0	0,00	0,0		83,85	7,7	75,80	7,8	51,10	14,5	10,10	5,8
10	0879	Zundert	0,1056	4,9	0,1790	4,2	0,1516	3,2	0	3,8	502		305	-6,1	450	18,9		293	12,7	293	12,7	425	63,4	425	63,4	425	63,4	425	63,4	425	63,4	1356	18,5	1540	16,7	3020	10,6	6940	8,9		0	0	1.100	3	1.245	11		1,29	1,29	1,6	0,00	Afgeschaft	0,00	0,0		83,85	7,7	75,80	7,8	44,65	0,0	8,30	9,2
11	0888	Beek	0,1269	3,8	0,3253	0,3	0,2875	1,9	1	1,1	431		305	3,9	369	3,2		247	2,7	247	2,7																				0	0	983	4	1.046	3		0,90	2,25	4,2	75,48	3,9	0,00	0,0		83,87	7,7	75,80	7,8	51,11	14,5	15,00	87,5
11	1954	Beekdaelen	0,1234	4,6	0,2835	-0,3	0,2592	1,2	1	0,4	424		303	17,2	332	16,6		325	8,3	325	8,3	325	8,3	325	8,3	325	8,3	442	6,7	442	6,7	1026	4,2	1143	4,0	2091	2,5	7287	2,5		0	0	1.052	9	1.081	9		0,90	1,45	3,6	0,00	0,0	0,00	0,0		83,85	7,7	75,80	7,8	51,10	14,5	15,20	-3,2
11	0889	Beesel	0,1532	2,3	0,4359	4,4	0,3470	4,1	1	4,2	523		156	-18,8	196	-15,5		171	5,4	171	5,4	171	5,4	171	5,4	171	5,4	171	5,4	171	5,4	171	5,4	171	5,4	171	5,4	171	5,4		0	0	850	-2	891	-2		1,25	2,00	25,0	40,00	0,0	0,00	0,0		83,85	7,7	75,80	7,8	51,10	14,5	10,50	5,5
11	0893	Bergen L	0,0873	1,8	0,2242	6,2	0,1872	5,2	0	5,7	325		203	0,0	286	2,6		281	7,6	281	7,6	281	7,6	281	7,6	281	7,6	281	7,6	281	7,6	281	7,6	281	7,6	281	7,6	281	7,6		0	0	809	3	892	4		1,35	1,35	3,9	0,00	0,0	0,00	0,0		83,85	7,7	75,80	7,8	51,11	14,5	14,10	17,5
11	0899	Brunssum	0,1461	3,8	0,3323	4,9	0,2851	7,2	1	6,0	379		308	19,3	361	16,0		271	11,2	271	11,2																				0	0	957	10	1.011	10		1,85	1,85	2,8	43,20	-20,8	0,00	0,0		83,85	7,7	75,80	7,8	51,10	14,5	16,60	58,9
11	1711	Echt-Susteren	0,1098	3,9	0,2507	6,3	0,2004	6,3	0	6,3	374		161	12,2	264	12,4		288	3,5	288	3,5	288	3,5	288	3,5	288	3,5	288	3,5	288	3,5	288	3,5	288	3,5	288	3,5	288	3,5		0	0	824	5	926	6		1,75	1,75	16,7	47,35	3,3	0,00	0,0		83,85	7,7	75,80	7,8	51,10	14,5	8,35	3,1
11	1903	Eijsden-Margraten	0,1113	4,3	0,1701	6,4	0,1461	6,4	0	6,4	473		243	18,8	372	17,9		294	3,2	294	3,2	425	3,2	425	3,2	425	3,2	425	3,2	425	3,2	425	3,2	425	3,2	425	3,2	425	3,2		0	0	1.010	7	1.138	8		2,20	2,20	0,0	80,00	0,0	alleen parkeervergunning	alleen parkeervergunning		83,85	7,7	75,80	7,7	51,10	14,5	7,85	3,3
11	0907	Gennep	0,0995	9,2	0,1912	4,6	0,1370	3,5	0	4,1	400		210	13,0	262	8,8		242	0,0	242	0,0	242	0,0	242	0,0	242	-20,8	242	-20,8	306	0,0	673	-0,1	673	-6,7	1242	-9,9	2631	-48,7		0	0	853	7	905	6		1,30	1,90	8,6	63,00	4,2	0,00	0,0		83,87	7,7	75,80	7,8	51,11	14,5	13,65	1,1
11	1729	Gulpen-Wittem	0,1287	4,3	0,4058	2,3	0,3119	2,3	1	2,3	498		239	11,7	365	11,3		285	6,0	285	6,0	567	6,0	567	6,0	567	6,0	567	6,0	567	6,0	567	6,0	567	6,0	2194	6,0	2194	6,0		0	0	1.022	6	1.148	7		2,00	2,00	0,0	0,00	0,0	0,00	0,0		83,85	7,9	75,80	7,8	51,10	14,5	8,10	4,5
11	0917	Heerlen	0,1601	3,3	0,3913	5,9	0,2933	5,7	1	5,8	416		241	6,1	380	4,6		196	3,1	196	3,1	196	3,1	196	3,1	285	3,1	285	3,1	430	3,1	959	3,1	959	3,1	1350	3,1	2215	3,1		0	0	853	4	993	4		2,00	2,00	0,0	70,92	-11,6	1,00	0,0		83,85	7,7	75,80	7,8	51,10	14,5	19,60	3,2
11	1507	Horst aan de Maas	0,1290	5,5	0,2915	9,1	0,2330	9,1	1	9,1	488		188	3,0	259	2,9		280	21,7	280	21,7	280	21,7	280	21,7	280	21,7	280	21,7	560	143,5	1120	387,0	1120	387,0	3080	1239,1	8680	3673,9		0	0	956	9	1.027	9		1,60	1,60	3,2	0,00	0,0	0,00	0,0		83,85	7,7	75,80	7,8	51,10	14,5	12,35	4,2
11	0928	Kerkrade	0,1725	1,9	0,5135	0,3	0,3878	-2,5	1	-0,9	427		272	8,0	331	6,4		219	2,8	235	2,6	235	2,6	235	2,6	235	2,6	235	2,6	366	3,1	845	3,1	845	3,1	1405	3,0	2821	3,0		0	0	918	4	993	4		geen campings in gemeente	1,95	2,6	0,00	Afgeschaft	1,50	0,0		83,87	9,7	75,80	15,6	51,11	24,7	12,00	9,1
11	0882	Landgraaf	0,1390	5,5	0,3469	7,5	0,2881	5,6	1	6,7	404		275	12,0	351	11,8		267	0,0	267	0,0	267	0,0	267	0,0	334	0,0	334	0,0	631	21,9	2124	89,5	2124	67,0	4099	58,2	11639	0,0		0	0	946	6	1.022	6		1,50	1,50	3,5	81,70	4,2	0,00	0,0		83,85	7,7	75,80	7,8	48,15	12,4	15,75	4,3
11	1640	Leudal	0,0920	3,3	0,1592	0,2	0,1592	0,2	0	0,2	341		143	-17,9	220	-12,4		283	0,0	283	0,0	283	0,0	283	0,0	283	0,0	283	0,0	283	0,0	283	0,0	283	0,0	283	0,0	283	0,0		0	0	766	-3	843	-2		1,30	1,30	0,0	0,00	0,0	0,00	0,0		83,85	10,6	75,80	10,6	51,10	22,8	9,30	2,2
11	1641	Maasgouw	0,0869	10,3	0,2004	5,9	0,1724	1,9	0	4,0	306		244	19,0	315	14,1		280	6,1	280	6,1	280	6,1	280	6,1	280	6,1	280	6,1	504	6,1	1401	6,1	1625	6,1	3334	6,1	13004	6,1		0	0	831	11	902	10		2,00	2,00	27,4	52,00	4,0	3,00	0,0		83,00	7,8	75,00	7,1	51,00	15,9	7,15	2,9
11	0935	Maastricht	0,1050	3,9	0,3830	8,6	0,3380	9,3	1	8,9	437		347	0,2	365	0,3		221	4,6	221	4,6	221	4,6	221	4,6	221	4,6	221	4,6	673	4,6	3386	4,6	4290	4,6	10620	4,6	54028	4,6		0	0	1.004	3	1.022	3		1,58	4,77	4,6	73,56	4,6	3,50	16,7		83,85	7,7	75,80	7,8	51,10	14,5	16,60	5,7
11	0938	Meerssen	0,1553	3,6	0,3541	3,9	0,2807	3,9	1	3,9	609		293	12,3	333	11,7		322	5,5	384	5,5	358	5,5	471	5,6	584	5,6	697	5,6	810	5,6	2618	5,6	3070	5,6	7025	5,6	34145	5,6		0	0	1.224	6	1.327	6		1,90	1,90	0,0	60,00	0,0	0,90	0,0		83,85	7,7	75,80	7,8	51,10	14,5	9,60	3,8
11	0944	Mook en Middelaar	0,1182	1,2	0,2791	-1,9	0,2060	-5,7	0	-3,5	571		261	6,1	305	6,0		143	4,2	143	4,2	143	4,2	143	4,2	143	4,2	143	4,2	338	147,4	1122	26,7	1317	48,8	2884	31,3	14632	369,3		0	0	975	3	1.019	3		1,50	1,50	40,2	64,68	8,0	0,00	0,0		83,85	7,7	75,80	7,8	51,10	14,5	11,50	0,0
11	0946	Nederweert	0,1151	9,3	0,3175	9,8	0,2327	7,4	1	8,8	493		131	-50,2	166	-43,4		305	2,7	305	2,7	610	105,5	610	105,5	610	105,5	610	105,5	610	105,5	610	105,5	610	105,5	610	105,5	610	105,5		0	0	929	-8	964	-7		1,00	1,00	0,0	0,00	Afgeschaft	0,00	0,0		83,85	7,7	75,80	7,8	51,10	14,5	8,00	0,0
11	1894	Peel en Maas	0,0800	2,5	0,2248	3,5	0,1802	3,5	0	3,5	320		190	5,0	240	3,9		289	1,4	289	1,4	289	1,4	289	1,4	289	1,4	289	1,4	289	1,4	289	1,4	289	1,4	289	1,4	289	1,4		0	0	799	3	849	3		1,30	1,30	30,0	0,00	0,0	0,00	0,0		80,00	5,3	68,00	4,6	47,00	14,1	10,00	0,0
11	1669	Roerdalen	0,1043	8,0	0,2129	13,4	0,1625	12,3	0	12,9	350		281	28,9	346	22,3		226	2,7	226	2,7	226	2,7	282	2,7	282	2,7	282	2,7	802	2,7	2456	2,7	2456	2,7	5437	2,7	7546	2,7		0	0	857	12	922	11		1,95	1,95	14,7	46,00	0,0	0,00	0,0		83,85	7,7	75,80	7,8	51,10	14,5	18,20	4,0
11	0957	Roermond	0,1194	8,2	0,2382	12,7	0,2025	12,7	0	12,7	429		298	0,8	298	0,8		197	7,2	197	7,2	197	7,2	197	7,2	197	7,2	197	7,2	197	7,2	197	7,2	197	7,2	197	7,2	197	7,2		0	0	925	6	925	6		1,65	3,32	6,4	0,00	Afgeschaft	2,80	0,0		83,85	7,7	75,80	7,8	51,10	14,5	16,60	5,7
11	0965	Simpelveld	0,1606	3,2	0,1606	3,8	0,1606	3,8	0	3,8	489		274	10,9	315	10,8		323	16,0	323	16,0	646	131,9	646	131,9	646	131,9	646	131,9	646	131,9	646	131,9	646	131,9	646	131,9	646	131,9		0	0	1.086	9	1.127	9		1,55	1,55	3,3	33,96	-33,4	0,00	0,0		83,85	7,9	75,80	7,8	51,10	14,5	8,85	1,7
11	1883	Sittard-Geleen	0,1737	5,0	0,7828	7,2	0,6050	7,3	1	7,2	536		291	2,6	363	2,1		230	2,3	230	2,3	230	2,3	230	2,3	230	2,3	230	2,3	230	2,3	230	2,3	230	2,3	230	2,3	230	2,3		0	0	1.057	4	1.129	3		1,20	2,52	4,1	46,80	0,0	1,90	0,0		83,85	7,7	75,80	7,8	51,10	14,5	17,65	4,1
11	0971	Stein	0,1221	4,8	0,3686	-0,1	0,3124	-3,5	1	-1,7	396		314	6,2	382	5,1		248	22,0	298	17,6	248	22,0	298	17,6	348	14,7	528	9,2	638	7,5	2398	1,9	2838	1,6	6688	0,7	33088	0,1		0	0	958	9	1.075	8		2,13	2,13	4,4	0,00	0,0	0,00	0,0		83,87	7,7	75,80	7,7	51,11	14,5	17,00	11,1
11	0981	Vaals	0,1261	-0,2	0,3412	2,0	0,2993	3,8	1	2,8	403		398	13,0	451	12,6		303	26,9	337	26,8																				0	0	1.104	11	1.191	11		1,95	2,75	3,8	44,55	4,2	1,50	0,0		83,85	7,7	75,80	7,8	51,10	14,5	9,15	4,0
11	0994	Valkenburg aan de Geul	0,1404	4,9	0,5615	5,7	0,4493	5,7	1	5,7	547		254	13,4	267	12,6		183	14,7	183	-36,5	183	-22,1	183	-61,1	587	-16,7	587	-37,6	1194	1,6	7058	43,0	7058	20,1	14721	4,4	57036	-19,1		0	0	984	9	997	-5		1,90	2,50	25,0	0,00	0,0	1,90	0,0		83,80	7,7	75,80	7,8	51,10	14,6	16,60	5,7
11	0983	Venlo	0,1322	3,6	0,3873	1,5	0,3111	1,5	1	1,5	460		165	0,0	274	0,0		155	0,0	155	0,0	155	0,0	155	0,0	155	0,0	155	0,0	155	0,0	463	0,0	575	0,0	1555	0,0	8275	0,0		0	0	780	2	890	2		1,65	2,30	4,6	62,64	0,0	2,80	3,7		83,85	7,7	75,80	7,8	51,10	14,5	16,85	4,3
11	0984	Venray	0,1156	5,3	0,3204	5,1	0,2544	5,1	1	5,1	443		245	2,9	274	2,9		185	3,7	254	3,7	254	3,7	254	3,7	391	3,7	391	3,7	528	3,7	1350	3,7	1624	3,7	3543	3,7	16699	3,7		0	0	873	4	971	4		1,35	1,35	3,9	0,00	0,0	alleen parkeervergunning	alleen parkeervergunning		83,80	7,7	75,80	7,8	51,11	14,6	13,00	4,0
11	0986	Voerendaal	0,1365	3,6	0,2797	3,2	0,2111	5,5	0	4,2	504		292	15,9	343	13,2		360	4,4	360	4,4	360	4,4	360	4,4	360	4,4	360	4,4	360	4,4	360	4,4	360	4,4	360	4,4	360	4,4		0	0	1.157	7	1.207	6		1,45	1,45	0,0	0,00	0,0	0,00	0,0		83,85	7,7	75,80	7,8	51,10	14,5	10,50	5,0
11	0988	Weert	0,0995	10,7	0,2656	10,3	0,1521	13,4	0	11,4	387		279	4,9	334	5,0		220	2,3	220	2,3	220	2,3	220	2,3	220	2,3	220	2,3	410	90,6	1161	13,3	1360	12,0	2920	8,0	8320	20,1		0	0	886	7	941	7		1,65	2,60	4,0	0,00	0,0	1,60	0,0		83,80	7,8	75,80	7,8	51,10	14,5	10,70	3,4
12	0034	Almere	0,0971	3,7	0,3596	3,9	0,2889	3,9	1	3,9	409		418	6,9	440	6,9		229	19,8	229	19,8	229	19,8	229	19,8	229	19,8	229	19,8	229	19,8	229	19,8	229	19,8	229	19,8	229	19,8		0	0	1.056	8	1.078	8		2,64	6,85	3,8	0,00	0,0	3,41	4,9		83,85	7,7	75,80	7,7	51,10	14,5	16,60	9,4
12	0303	Dronten	0,1187	6,4	0,2783	8,5	0,2083	9,0	0	8,7	474		300	6,3	358	1,2		169	6,3	169	6,3	169	6,3	169	6,3	169	6,3	169	6,3	338	6,3	507	6,3	845	6,3	845	6,3	845	6,3		0	0	943	6	1.000	4		1,55	1,55	6,9	0,00	0,0	0,00	0,0		83,85	7,7	75,80	7,8	51,10	22,8	12,35	13,3
12	0995	Lelystad	0,1193	6,2	0,5136	-4,7	0,2727	41,4	1	7,5	480		326	7,1	407	7,2		127	4,9	222	4,8																				0	0	934	6	1.110	6		1,00	2,50	0,0	46,56	0,0	1,60	0,0		83,85	7,7	75,80	7,8	51,11	14,5	16,65	5,4
12	0171	Noordoostpolder	0,1074	4,6	0,2286	4,2	0,1810	4,2	0	4,2	417		288	4,7	366	11,5		181	3,9	181	3,9	181	3,9	181	3,9	187	3,9	187	3,9	187	3,9	552	4,0	552	4,0	924	4,0	924	4,0		0	0	886	4	964	7		0,83	1,23	3,4	0,00	0,0	0,00	0,0		83,85	7,7	75,80	7,8	51,10	14,5	11,25	3,7
12	0184	Urk	0,1302	6,4	0,3159	6,3	0,2436	6,3	1	6,3	480		251	0,0	251	0,0		263	4,0	263	4,0	340	4,9	340	4,9	340	4,9	683	4,9	683	4,9	1954	7,7	1954	7,7	2517	4,9	3364	4,9		0	0	994	4	994	4		1,60	1,60	3,2	86,00	3,6	0,00	0,0		83,87	7,8	75,80	7,8	51,00	14,2	9,70	3,7
12	0050	Zeewolde	0,1384	7,3	0,2451	3,4	0,1949	3,4	0	3,4	656		325	69,3	419	51,3		151	4,9	151	4,9	151	4,9	151	4,9	151	4,9	151	4,9	151	4,9	151	4,9	151	4,9	151	4,9	151	4,9		0	0	1.132	19	1.226	19		1,30	3,24	2,9	0,00	0,0	0,00	0,0		83,85	7,7	75,80	7,7	51,11	14,5	9,85	2,6